Rank,Name,Country,Age,NetWorth,Source of Wealth
1,Bill Gates,United States,59,79.2,Microsoft
2,Carlos Slim Helu,Mexico,75,77.1,Telecom
3,Warren Buffett,United States,84,72.7,Berkshire Hathaway
4,Amancio Ortega,Spain,78,64.5,Zara
5,Larry Ellison,United States,70,54.3,Oracle
6,Charles Koch,United States,79,42.9,Diversified
6,David Koch,United States,74,42.9,Diversified
8,Christy Walton,United States,60,41.7,Wal-Mart
9,Jim Walton,United States,67,40.6,Wal-Mart
10,Liliane Bettencourt,France,92,40.1,L'Or√©al
11,Alice Walton,United States,65,39.4,Wal-Mart
12,S. Robson Walton,United States,71,39.1,Wal-Mart
13,Bernard Arnault,France,66,37.2,Lvmh
14,Michael Bloomberg,United States,73,35.5,Bloomberg Lp
15,Jeff Bezos,United States,51,34.8,Amazon.Com
16,Mark Zuckerberg,United States,30,33.4,Facebook
17,Li Ka-shing,Hong Kong,86,33.3,Diversified
18,Sheldon Adelson,United States,81,31.4,Casinos
19,Larry Page,United States,41,29.7,Google
20,Sergey Brin,United States,41,29.2,Google
21,Georg Schaeffler,Germany,50,26.9,Ball Bearings
22,"Forrest Mars, Jr.",United States,83,26.6,Candy
22,Jacqueline Mars,United States,75,26.6,Candy
22,John Mars,United States,78,26.6,Candy
25,David Thomson,Canada,57,25.5,Media
26,Jorge Paulo Lemann,Brazil,75,25,Beer
27,Lee Shau Kee,Hong Kong,87,24.8,Real Estate
28,Stefan Persson,Sweden,67,24.5,H&M
29,George Soros,United States,84,24.2,Hedge Funds
29,Wang Jianlin,China,60,24.2,Real Estate
31,Carl Icahn,United States,79,23.5,Investments
32,Maria Franca Fissolo,Italy,97,23.4,"Nutella, Chocolates"
33,Jack Ma,China,50,22.7,E-Commerce
34,Prince Alwaleed Bin Talal Alsaud,Saudi Arabia,59,22.6,Investments
35,Steve Ballmer,United States,58,21.5,Microsoft
35,Phil Knight,United States,77,21.5,Nike
37,Beate Heister & Karl Albrecht Jr.,Germany,n/a,21.3,Supermarkets
38,Li Hejun,China,47,21.1,Solar Power Equipment
39,Mukesh Ambani,India,57,21,"Petrochemicals, Oil & Gas"
40,Leonardo Del Vecchio,Italy,79,20.4,Eyeglasses
41,Len Blavatnik,United States,57,20.2,Diversified
41,Tadashi Yanai,Japan,66,20.2,Retail
43,Charles Ergen,United States,62,20.1,Dish Network
44,Dilip Shanghvi,India,59,20,Pharmaceuticals
45,Laurene Powell Jobs,United States,51,19.5,"Apple, Disney"
46,Dieter Schwarz,Germany,75,19.4,Retail
47,Michael Dell,United States,50,19.2,Dell
48,Azim Premji,India,69,19.1,Software
49,"Theo Albrecht, Jr.",Germany,64,19,"Aldi, Trader Joe's"
50,Michael Otto,Germany,71,18.1,"Retail, Real Estate"
51,Paul Allen,United States,62,17.5,"Microsoft, Investments"
52,Joseph Safra,Brazil,76,17.3,Banking
53,Anne Cox Chambers,United States,95,17,Media
54,Susanne Klatten,Germany,52,16.8,"Bmw, Pharmaceuticals"
55,Pallonji Mistry,Ireland,85,16.3,Construction
56,Ma Huateng,China,43,16.1,Internet Media
57,Patrick Drahi,France,51,16,Telecom
58,Thomas & Raymond Kwok,Hong Kong,n/a,15.9,Real Estate
59,Stefan Quandt,Germany,48,15.6,Bmw
60,Ray Dalio,United States,65,15.4,Hedge Funds
60,Vladimir Potanin,Russia,54,15.4,Metals
62,Serge Dassault,France,89,15.3,Aviation
62,Robin Li,China,46,15.3,Internet Search
64,Donald Bren,United States,82,15.2,Real Estate
65,Francois Pinault,France,78,14.9,Retail
66,Shiv Nadar,India,69,14.8,Information Technology
67,Aliko Dangote,Nigeria,57,14.7,"Cement, Sugar, Flour"
68,Mikhail Fridman,Russia,50,14.6,"Oil, Banking, Telecom"
69,Hinduja Brothers,United Kingdom,n/a,14.5,Diversified
69,Ronald Perelman,United States,72,14.5,Leveraged Buyouts
71,Cheng Yu-tung,Hong Kong,89,14.4,Diversified
71,Alisher Usmanov,Russia,61,14.4,"Steel & Mining, Telecom, Investments"
73,Henry Sy,Philippines,90,14.2,Diversified
73,Viktor Vekselberg,Russia,57,14.2,"Metals, Energy"
75,Masayoshi Son,Japan,57,14.1,"Internet, Telecom"
76,James Simons,United States,76,14,Hedge Funds
77,German Larrea Mota Velasco,Mexico,61,13.9,Mining
77,Rupert Murdoch,United States,83,13.9,Media
77,Johanna Quandt,Germany,88,13.9,Bmw
80,David & Simon Reuben,United Kingdom,72,13.7,"Investments, Real Estate"
81,Dhanin Chearavanont,Thailand,75,13.6,Food
82,Iris Fontbona,Chile,72,13.5,Mining
82,Lui Che Woo,Hong Kong,85,13.5,Casinos
82,Lakshmi Mittal,India,64,13.5,Steel
85,Abigail Johnson,United States,53,13.4,Money Management
85,Luis Carlos Sarmiento,Colombia,82,13.4,Banking
87,Lei Jun,China,45,13.2,Smartphones
87,Charoen Sirivadhanabhakdi,Thailand,70,13.2,Beverages
89,Alexey Mordashov,Russia,49,13,"Steel, Investments"
89,Marcel Herrmann Telles,Brazil,65,13,Beer
91,Gerald Cavendish Grosvenor,United Kingdom,63,12.6,Real Estate
92,Hans Rausing,Sweden,88,12.5,Packaging
92,Jack Taylor,United States,92,12.5,Enterprise Rent-A-Car
94,Charles Butt,United States,77,12.3,Supermarkets
94,Gina Rinehart,Australia,61,12.3,Mining
96,Vagit Alekperov,Russia,64,12.2,Lukoil
96,Harold Hamm,United States,69,12.2,Oil & Gas
96,Patrick Soon-Shiong,United States,63,12.2,Pharmaceuticals
99,Stefano Pessina,Italy,73,12.1,Drugstores
100,Richard Kinder,United States,70,12,Pipelines
100,Elon Musk,United States,43,12,Tesla Motors
100,Stephen Schwarzman,United States,68,12,Investments
103,Klaus-Michael Kuehne,Germany,77,11.9,Shipping
104,Philip Anschutz,United States,75,11.8,Investments
105,Andrew Beal,United States,62,11.7,"Banks, Real Estate"
105,Leonid Mikhelson,Russia,59,11.7,"Gas, Chemicals"
107,Charlene de Carvalho-Heineken,Netherlands,60,11.6,Heineken
107,Vladimir Lisin,Russia,58,11.6,"Steel, Transport"
109,Steve Cohen,United States,59,11.4,Hedge Funds
110,Robert Kuok,Malaysia,91,11.3,Diversified
110,Lee Kun-Hee,South Korea,73,11.3,Electronics/Insurance
110,Carlos Alberto Sicupira,Brazil,67,11.3,Beer
113,John Paulson,United States,59,11.2,Hedge Funds
114,Joseph Lau,Hong Kong,63,10.9,Real Estate
114,Thomas Peterffy,United States,70,10.9,Discount Brokerage
116,Mohammed Al Amoudi,Saudi Arabia,68,10.8,"Oil, Diversified"
116,Dietrich Mateschitz,Austria,70,10.8,Red Bull
118,Hank & Doug Meijer,United States,n/a,10.7,Supermarkets
118,Gennady Timchenko,Russia,62,10.7,Oil & Gas
120,John Fredriksen,Cyprus,70,10.5,Shipping
121,Alberto Bailleres Gonzalez,Mexico,83,10.4,Mining
121,Massimiliana Landini Aleotti,Italy,72,10.4,Pharmaceuticals
121,David Tepper,United States,57,10.4,Hedge Funds
124,Zong Qinghou,China,69,10.3,Beverages
125,Pierre Castel,France,88,9.9,Wine
125,He Xiangjian,China,72,9.9,Home Appliances
125,Mikhail Prokhorov,Russia,49,9.9,Investments
125,Wang Wenyin,China,47,9.9,"Mining, Copper Products"
129,Ananda Krishnan,Malaysia,76,9.7,Telecom
129,Kjeld Kirk Kristiansen,Denmark,67,9.7,Lego
131,Robert & Philip Ng,Singapore,n/a,9.6,Real Estate
131,Galen Weston,Canada,74,9.6,Retail
133,German Khan,Russia,53,9.5,"Banking, Telecom, Retail"
133,Alain Wertheimer,France,66,9.5,Chanel
133,Gerard Wertheimer,France,64,9.5,Chanel
136,Xavier Niel,France,47,9.3,"Internet, Telecom"
137,Roman Abramovich,Russia,48,9.1,"Steel, Investments"
137,Leonard Lauder,United States,81,9.1,Estee Lauder
137,Andrey Melnichenko,Russia,42,9.1,"Coal, Fertilizers"
137,Hasso Plattner,Germany,71,9.1,Software
137,Eric Schmidt,United States,59,9.1,Google
142,Kumar Birla,India,47,9,Commodities
142,R. Budi Hartono,Indonesia,74,9,"Banking, Tobacco"
142,George Kaiser,United States,72,9,"Oil & Gas, Banking"
142,"John Menard, Jr.",United States,75,9,Retail
142,"Samuel Newhouse, Jr.",United States,87,9,Media
147,Tsai Eng-Meng,Taiwan,58,8.9,"Food, Beverages"
147,Wei Jianjun,China,51,8.9,Automobiles
149,Ernesto Bertarelli,Switzerland,49,8.8,"Biotech, Investments"
149,Carrie Perrodo,France,64,8.8,Inherited
151,Michael Hartono,Indonesia,75,8.7,"Tobacco, Banking"
151,Hiroshi Mikitani,Japan,50,8.7,Online Retailing
153,Pan Sutong,Hong Kong,52,8.6,Real Estate
153,Klaus Tschira,Germany,74,8.6,Software
153,Peter Woo,Hong Kong,69,8.6,Real Estate
156,Jim Kennedy,United States,67,8.5,Media
156,Eyal Ofer,Israel,64,8.5,"Real Estate, Shipping"
156,Blair Parry-Okeden,United States,64,8.5,Media
156,Dmitry Rybolovlev,Russia,48,8.5,Fertilizer
160,Petr Kellner,Czech Republic,50,8.4,"Banking, Insurance"
160,Margarita Louis-Dreyfus,Switzerland,51,8.4,Commodities
162,Sergei Galitsky,Russia,47,8.3,Retail
162,John Malone,United States,73,8.3,Cable Television
162,Donald Newhouse,United States,85,8.3,Media
165,Joao Roberto Marinho,Brazil,61,8.2,Media
165,Jose Roberto Marinho,Brazil,59,8.2,Media
165,Roberto Irineu Marinho,Brazil,67,8.2,Media
168,Pierre Omidyar,United States,47,8,Ebay
168,Ricardo Salinas Pliego,Mexico,59,8,"Retail, Media"
170,Gianluigi & Rafaela Aponte,Switzerland,n/a,7.9,Shipping
170,Dustin Moskovitz,United States,30,7.9,Facebook
172,August von Finck,Germany,84,7.7,Investments
172,Leslie Wexner,United States,77,7.7,Retail
174,Giorgio Armani,Italy,80,7.6,Fashion
174,"Thomas Frist, Jr.",United States,76,7.6,Health Care
174,Takemitsu Takizaki,Japan,69,7.6,Sensors
177,James Goodnight,United States,72,7.5,Software
177,Jim Pattison,Canada,86,7.5,Diversified
179,Silvio Berlusconi,Italy,78,7.4,Media
179,David Duffield,United States,74,7.4,Business Software
179,"Edward Johnson, III.",United States,84,7.4,Money Management
179,Liu Qiangdong,China,40,7.4,E-Commerce
179,Johann Rupert,South Africa,64,7.4,Luxury Goods
184,Alexei Kuzmichev,Russia,52,7.3,"Banking, Telecom, Retail"
185,Eli Broad,United States,81,7.2,Investments
185,Charles Cadogan,United Kingdom,77,7.2,Real Estate
185,Dietmar Hopp,Germany,74,7.2,Software
185,Uday Kotak,India,55,7.2,Banking
185,Jay Y. Lee,South Korea,46,7.2,Electronics/Tourism
185,Suh Kyung-Bae,South Korea,52,7.2,Cosmetics
191,Micky Arison,United States,65,7.1,Carnival Cruises
191,Emmanuel Besnier,France,44,7.1,Cheese
193,Walter Kwok,Hong Kong,64,7,Real Estate
193,Ralph Lauren,United States,75,7,Ralph Lauren
195,David Geffen,United States,72,6.9,Entertainment
195,Graeme Hart,New Zealand,59,6.9,Investments
195,Gordon Moore,United States,86,6.9,Intel
195,Wang Jing,China,42,6.9,Telecom Services
199,Goh Cheng Liang,Singapore,n/a,6.8,Paints
199,Denis O'Brien,Ireland,56,6.8,Telecom
201,Rinat Akhmetov,Ukraine,48,6.7,"Steel, Coal"
201,Vincent Bollore,France,62,6.7,Investments
201,Jean-Claude Decaux,France,77,6.7,Advertising
201,Eva Gonda de Rivera,Mexico,n/a,6.7,Beverages
201,Nicky Oppenheimer,South Africa,69,6.7,Diamonds
201,Maria-Elisabeth Schaeffler,Germany,73,6.7,Ball Bearings
201,Reinhold Wuerth,Germany,79,6.7,Fasteners
208,Gautam Adani,India,52,6.6,"Commodities, Infrastructure"
208,William Ding,China,43,6.6,Online Games
208,Johann Graf,Austria,68,6.6,Gambling
208,Charles Johnson,United States,82,6.6,Money Management
208,Jan Koum,United States,39,6.6,Whatsapp
208,Liu Yongxing,China,66,6.6,Agribusiness
208,Sunil Mittal,India,57,6.6,Telecom
208,Cyrus Poonawalla,India,73,6.6,Vaccines
216,Carl Cook,United States,52,6.5,Medical Devices
216,Ken Griffin,United States,46,6.5,Hedge Funds
216,James Irving,Canada,86,6.5,Diversified
216,Stephen Ross,United States,74,6.5,Real Estate
220,Abdulla bin Ahmad Al Ghurair,United Arab Emirates,n/a,6.4,Diversified
220,Richard LeFrak,United States,69,6.4,Real Estate
220,Melker Schorling,Sweden,67,6.4,Investments
220,Charles Schwab,United States,77,6.4,Discount Brokerage
220,Heinz Hermann Thiele,Germany,73,6.4,Brakes
225,Stanley Kroenke,United States,67,6.3,"Sports, Real Estate"
225,Sandra Ortega Mera,Spain,46,6.3,Zara
225,Sumner Redstone,United States,91,6.3,Media
225,Nassef Sawiris,Egypt,54,6.3,Construction
225,Christoffel Wiese,South Africa,73,6.3,Retailing
230,Majid Al Futtaim,United Arab Emirates,n/a,6.2,"Real Estate, Retail"
230,Dannine Avara,United States,51,6.2,Pipelines
230,Oleg Deripaska,Russia,47,6.2,"Aluminum, Utilities"
230,Scott Duncan,United States,32,6.2,Pipelines
230,Curt Engelhorn,Germany,88,6.2,Pharmaceuticals
230,Milane Frantz,United States,45,6.2,Pipelines
230,Hui Ka Yan,China,56,6.2,Real Estate
230,"Rupert Johnson, Jr.",United States,73,6.2,Money Management
230,Michael Kadoorie,Hong Kong,73,6.2,Diversified
230,Kelcy Warren,United States,59,6.2,Pipelines
240,Chan Laiwa,China,74,6.1,Real Estate
240,Terry Gou,Taiwan,64,6.1,Electronics
240,Willi & Isolde Liebherr,Switzerland,n/a,6.1,Construction
240,Ira Rennert,United States,80,6.1,Investments
240,Randa Williams,United States,53,6.1,Pipelines
240,Hansjoerg Wyss,Switzerland,80,6.1,Medical Devices
246,David Green,United States,73,6,Retail
246,Augusto & Giorgio Perfetti,Italy,n/a,6,Candy
248,Jin Sook & Do Won Chang,United States,60,5.9,Fashion Retail
248,Bruce Halle,United States,84,5.9,Tires
248,Lu Zhiqiang,China,62,5.9,Diversified
248,Bruno Schroder,United Kingdom,82,5.9,Banking
248,Joseph Tsai,Canada,51,5.9,E-Commerce
248,Dennis Washington,United States,80,5.9,"Construction, Mining"
254,"John Gokongwei, Jr.",Philippines,87,5.8,Diversified
254,Desh Bandhu Gupta,India,77,5.8,Pharmaceuticals
254,Pauline MacMillan Keinath,United States,81,5.8,Cargill
254,Loretta Robinson,Canada,75,5.8,Cable Tv
254,Zhang Zhidong,China,43,5.8,Internet Media
259,Chung Mong-Koo,South Korea,76,5.7,Motor Vehicles
259,Richard DeVos,United States,89,5.7,Amway
259,Guo Guangchang,China,48,5.7,Diversified
259,Lin Yu-lin,Taiwan,79,5.7,Real Estate
259,Andrei Skoch,Russia,49,5.7,Steel
259,Juan-Miguel Villar Mir,Spain,83,5.7,Construction
265,Maria Asuncion Aramburuzabala,Mexico,51,5.6,"Beer, Investments"
265,Ray Lee Hunt,United States,72,5.6,"Oil, Real Estate"
265,Ann Walton Kroenke,United States,66,5.6,Wal-Mart
265,Quek Leng Chan,Malaysia,73,5.6,"Banking, Real Estate"
265,Keiichiro Takahara,Japan,83,5.6,Diapers
265,Stef Wertheimer,Israel,88,5.6,Tools
271,Arthur Irving,Canada,85,5.5,Oil
271,"Herbert Kohler, Jr.",United States,76,5.5,Plumbing Fixtures
271,Anders Holch Povlsen,Denmark,42,5.5,Retail
271,Jorn Rausing,Sweden,55,5.5,Inherited
271,Thomas Schmidheiny,Switzerland,69,5.5,Cement
271,Cho Yaw Wee,Singapore,86,5.5,Banking
277,Hui Wing Mau,Hong Kong,64,5.4,Real Estate
277,Joe Lewis,United Kingdom,78,5.4,Investments
277,Juan Roig,Spain,65,5.4,Supermarkets
277,Robert Rowling,United States,61,5.4,Investments
277,Teh Hong Piow,Malaysia,84,5.4,Banking
277,Harry Triguboff,Australia,82,5.4,Property
283,Leon Black,United States,63,5.3,Private Equity
283,Carlos and Alejandro Bulgheroni,Argentina,n/a,5.3,Oil And Gas
283,Garrett Camp,Canada,36,5.3,Car Service
283,Leonid Fedun,Russia,58,5.3,Lukoil
283,Savitri Jindal,India,64,5.3,Steel
283,Antonia Johnson,Sweden,71,5.3,Diversified
283,Travis Kalanick,United States,38,5.3,Car Service
283,Leonard Stern,United States,76,5.3,Real Estate
291,David & Frederick Barclay,United Kingdom,81,5.2,"Media, Retail"
291,Vivien Chen,Hong Kong,56,5.2,Real Estate
291,Bidzina Ivanishvili,Georgia,59,5.2,Investments
291,Micky Jagtiani,India,63,5.2,Retail
291,Henry Kravis,United States,71,5.2,Private Equity
291,James Packer,Australia,47,5.2,Casinos
291,"Enrique Razon, Jr.",Philippines,55,5.2,Ports
291,Odd Reitan,Norway,63,5.2,"Retail, Real Estate"
291,George Roberts,United States,71,5.2,Private Equity
291,Paolo & Gianfelice Mario Rocca,Italy,n/a,5.2,Pipe Manufacturing
301,Pyotr Aven,Russia,59,5.1,"Banking, Telecom"
301,Ivan Glasenberg,Switzerland,58,5.1,Mining
301,Philip & Cristina Green,United Kingdom,62,5.1,Retail
301,Lu Guanqiu,China,70,5.1,Diversified
301,Arnon Milchan,Israel,70,5.1,Movie Making
301,Dan Olsson,Sweden,68,5.1,Diversified
301,Finn Rausing,Sweden,60,5.1,Inherited
301,Kirsten Rausing,Sweden,62,5.1,Packaging
309,Laurence Graff,United Kingdom,76,5,Diamond Jewelry
309,Pansy Ho,Hong Kong,52,5,Casinos
309,Bertil Hult,Sweden,74,5,Education
309,Karl-Heinz Kipp,Germany,91,5,Retail
309,Bruce Kovner,United States,70,5,Hedge Funds
309,George Lucas,United States,70,5,Star Wars
309,David Sun,United States,63,5,Computer Hardware
309,John Tu,United States,74,5,Computer Hardware
309,Yang Huiyan,China,33,5,Real Estate
318,Michael Ashley,United Kingdom,50,4.9,Sports Retailing
318,James Dyson,United Kingdom,67,4.9,Vacuums
318,Albert Frere,Belgium,89,4.9,Investments
318,Jeffery Hildebrand,United States,56,4.9,Oil
318,Kwee brothers,Singapore,70,4.9,Real Estate
318,Liang Wengen,China,58,4.9,Construction Equipment
318,Frank Lowy,Australia,84,4.9,Shopping Malls
318,Frederik Paulsen,Sweden,64,4.9,Health Care
318,Sam Zell,United States,73,4.9,"Real Estate, Private Equity"
318,Daniel Ziff,United States,43,4.9,Investments
318,Dirk Ziff,United States,50,4.9,Investments
318,Robert Ziff,United States,48,4.9,Investments
330,Isak Andic,Spain,61,4.8,Clothing Retail
330,Richard Branson,United Kingdom,64,4.8,Virgin
330,Adi Godrej,India,72,4.8,Consumer Goods
330,Jamshyd Godrej,India,66,4.8,Consumer Goods
330,Michael & Marian Ilitch,United States,85,4.8,Pizza
330,Ted Lerner,United States,89,4.8,Real Estate
330,Idan Ofer,Israel,59,4.8,"Drilling, Shipping"
330,Emanuele (Lino) Saputo,Canada,78,4.8,Cheese
330,Eduardo Saverin,Brazil,32,4.8,Facebook
330,Andrew Tan,Philippines,62,4.8,Diversified
330,Zhou Jianping,China,54,4.8,Apparel
341,Phillip Frost,United States,78,4.7,Pharmaceuticals
341,Daniel Gilbert,United States,53,4.7,Quicken Loans
341,Gong Hongjia,Hong Kong,50,4.7,Investments
341,Stein Erik Hagen,Norway,58,4.7,Retail
341,Reid Hoffman,United States,47,4.7,Linkedin
341,Nancy Walton Laurie,United States,63,4.7,Wal-Mart
341,Liu Yonghao,China,63,4.7,Agribusiness
341,Sri Prakash Lohia,Indonesia,62,4.7,Polyester
341,Whitney MacMillan,United States,86,4.7,Cargill
341,John A. Sobrato,United States,75,4.7,Real Estate
341,Tong Jinquan,China,60,4.7,Real Estate
352,Dona Bertarelli,Switzerland,47,4.6,Biotech
352,Heinrich Deichmann,Germany,52,4.6,Footwear
352,"Paul Tudor Jones, II.",United States,60,4.6,Hedge Funds
352,Randal Kirk,United States,61,4.6,Pharmaceuticals
352,Lee Shin Cheng,Malaysia,76,4.6,"Palm Oil, Real Estate"
352,Ludwig Merckle,Germany,50,4.6,Pharmaceuticals
352,Sergei Popov,Russia,43,4.6,Banking
352,Mark Shoen,United States,63,4.6,U-Haul
360,Alexander Abramov,Russia,56,4.5,"Steel, Mining"
360,Pierre Bellon,France,85,4.5,Food Services
360,Kunio Busujima,Japan,89,4.5,Gaming
360,Michael Herz,Germany,71,4.5,Coffee
360,Wolfgang Herz,Germany,64,4.5,Coffee
360,Elizabeth Holmes,United States,31,4.5,Blood Testing
360,Shahid Khan,United States,64,4.5,Auto Parts
360,Richard Li,Hong Kong,48,4.5,Telecoms
360,Shashi & Ravi Ruia,India,n/a,4.5,Diversified
369,Americo Amorim,Portugal,80,4.4,"Energy, Investments"
369,Shari Arison,Israel,57,4.4,Carnival Cruises
369,Abilio dos Santos Diniz,Brazil,78,4.4,Retail
369,Guenther Fielmann,Germany,75,4.4,Optometry
369,Filaret Galchev,Russia,51,4.4,Construction Materials
369,Ian & Richard Livingstone,United Kingdom,n/a,4.4,Real Estate
369,Horst Paulmann,Chile,80,4.4,Retail
369,Alejandro Santo Domingo,United States,38,4.4,Beer
369,Andres Santo Domingo,United States,36,4.4,Beer
369,Lucio Tan,Philippines,80,4.4,Diversified
369,George Ty,Philippines,82,4.4,Banking
369,Murat Ulker,Turkey,55,4.4,Food Manufacturing
381,Jeronimo Arango,Mexico,89,4.3,Retail
381,Anthony Bamford,United Kingdom,69,4.3,Construction Equipment
381,Charles Dolan,United States,88,4.3,Cable Television
381,Tamara Gustavson,United States,53,4.3,Self Storage
381,Zarakh Iliev,Russia,48,4.3,Real Estate
381,Robert Kraft,United States,73,4.3,New England Patriots
381,Luo Jye,Taiwan,89,4.3,Tires
381,God Nisanov,Russia,42,4.3,Real Estate
381,Karen Pritzker,United States,57,4.3,"Hotels, Investments"
381,Trevor Rees-Jones,United States,63,4.3,Oil & Gas
381,Chairul Tanjung,Indonesia,52,4.3,Diversified
381,Lottie Tham,Sweden,65,4.3,H&M
393,Mike Adenuga,Nigeria,61,4.2,"Telcom, Oil"
393,Subhash Chandra,India,64,4.2,Media
393,Gustaf Douglas,Sweden,77,4.2,Security
393,Han Chang-Woo,Japan,84,4.2,Pachinko Parlors
393,Jerry Jones,United States,72,4.2,Dallas Cowboys
393,Kirk Kerkorian,United States,97,4.2,"Casinos, Investments"
393,Lin Rong San,Taiwan,75,4.2,Real Estate
393,Stewart and Lynda Resnick,United States,n/a,4.2,"Agriculture, Water"
393,Wang Wei,China,44,4.2,Package Delivery Service
393,Karl Wlaschek,Austria,97,4.2,Retail
393,Aloys Wobben,Germany,63,4.2,Wind Turbines
393,Zhang Jindong,China,51,4.2,Appliance Retailer
405,Prince Sultan bin Mohammed bin Saud Al Kabeer,Saudi Arabia,61,4.1,Dairy Farms
405,Benu Gopal Bangur,India,83,4.1,Cement
405,Patrizio Bertelli,Italy,69,4.1,Luxury Goods
405,David Consunji,Philippines,93,4.1,Construction
405,Frits Goldschmeding,Netherlands,81,4.1,Temp Agency
405,Martha Ingram,United States,79,4.1,"Book Distribution, Transportation"
405,Barry Lam,Taiwan,65,4.1,Computers
405,John Morris,United States,66,4.1,Sporting Goods Retail
405,Miuccia Prada,Italy,65,4.1,Prada
405,Mark Scheinberg,Canada,41,4.1,Online Gambling
405,David Shaw,United States,63,4.1,Hedge Funds
405,Donald Trump,United States,68,4.1,"Television, Real Estate"
405,Zhang Shiping,China,68,4.1,Aluminum Products
418,Anil Ambani,India,55,4,Diversified
418,Samvel Karapetyan,Russia,49,4,Development
418,Jan Kulczyk,Poland,65,4,"Telecom, Oil, Beer"
418,Tom & Judy Love,United States,77,4,Retail & Gas Stations
418,Mohamed Mansour,Egypt,67,4,Diversified
418,Mitchell Rales,United States,58,4,"Manufacturing, Investments"
418,Wolfgang Reimann,Germany,62,4,Consumer Goods
418,Matthias Reimann-Andersen,Germany,49,4,Consumer Goods
418,Stefan Reimann-Andersen,Germany,51,4,Consumer Goods
418,Renate Reimann-Haas,Germany,63,4,Consumer Goods
418,J. Christopher Reyes,United States,61,4,Food Distribution
418,Jude Reyes,United States,59,4,Food Distribution
418,"Edward Roski, Jr.",United States,76,4,Real Estate
418,Reinhold Schmieding,United States,60,4,Medical Devices
418,Jerry Speyer,United States,74,4,Real Estate
418,Friede Springer,Germany,72,4,Publishing
418,Sun Guangxin,China,52,4,Diversified
435,Riley Bechtel,United States,62,3.9,"Engineering, Construction"
435,"Stephen Bechtel, Jr.",United States,89,3.9,"Engineering, Construction"
435,Ralph Dommermuth,Germany,51,3.9,Internet Service Provider
435,Bernard Ecclestone,United Kingdom,84,3.9,Formula One
435,Nathan Kirsh,Swaziland,83,3.9,"Retail, Real Estate"
435,Vikram Lal,India,73,3.9,Motorcycles
435,Lars Larsen,Denmark,66,3.9,Retail
435,Ronald Lauder,United States,71,3.9,Estee Lauder
435,George Lindemann,United States,78,3.9,Investments
435,Niels Peter Louis-Hansen,Denmark,67,3.9,Medical Devices
435,Pankaj Patel,India,61,3.9,Pharmaceuticals
435,Bernard (Barry) Sherman,Canada,73,3.9,Pharmaceuticals
435,Shi Yuzhu,China,52,3.9,"Online Games, Investments"
435,Jeffrey Skoll,United States,50,3.9,Ebay
435,Frederick Smith,United States,70,3.9,Fedex
435,Andreas von Bechtolsheim,Germany,59,3.9,Google
435,Wang Chuanfu,China,49,3.9,"Batteries, Autos"
452,Chung Eui-Sun,South Korea,44,3.8,Logistics
452,Israel Englander,United States,66,3.8,Hedge Funds
452,Dmitry Kamenshchik,Russia,46,3.8,Airport
452,Bernard Marcus,United States,85,3.8,Home Depot
452,Brijmohan Lall Munjal,India,91,3.8,Motorcycles
452,Daniel Och,United States,54,3.8,Hedge Funds
452,Terrence Pegula,United States,64,3.8,Natural Gas
452,Isaac Perlmutter,United States,72,3.8,Marvel Comics
452,Krit Ratanarak,Thailand,68,3.8,"Media, Real Estate"
452,Samuel Yin,Taiwan,64,3.8,Diversified
462,Vanich Chaiyawan,Thailand,83,3.7,"Insurance, Beverages"
462,Francis Choi,Hong Kong,68,3.7,Real Estate
462,Leon G. Cooperman,United States,71,3.7,Hedge Funds
462,Antonio Del Valle Ruiz,Mexico,76,3.7,Chemicals
462,Francisco Ivens de Sa Dias Branco,Brazil,80,3.7,Food Production
462,Traudl Engelhorn,Germany,n/a,3.7,Pharmaceuticals/Medical Equipment
462,Ursula Engelhorn,Germany,n/a,3.7,Pharmaceuticals/Medical Equipment
462,Huang Wei,China,55,3.7,Real Estate
462,James Jannard,United States,65,3.7,Sunglasses
462,Fredrik Lundberg,Sweden,63,3.7,"Real Estate, Investments"
462,Gwendolyn Sontheim Meyer,United States,53,3.7,Cargill
462,Akira Mori,Japan,78,3.7,Real Estate
462,Theo Mueller,Germany,75,3.7,Dairy
462,"H. Ross Perot, Sr.",United States,84,3.7,"Computer Services, Real Estate"
462,Steven Rales,United States,63,3.7,Manufacturing
462,John Sall,United States,66,3.7,Software
462,Lynn Schusterman,United States,76,3.7,"Oil & Gas, Investments"
462,Ronda Stryker,United States,60,3.7,Medical Equipment
462,Steven Udvar-Hazy,United States,69,3.7,Aircraft Leasing
481,Martin & Olivier Bouygues,France,n/a,3.6,"Construction, Media"
481,Gustavo Cisneros,Venezuela,69,3.6,Media
481,Jim Davis,United States,71,3.6,New Balance
481,Archie Aldis Emmerson,United States,85,3.6,"Timberland, Lumber Mills"
481,John Gandel,Australia,80,3.6,Shopping Malls
481,Diane Hendricks,United States,68,3.6,Roofing
481,Antti Herlin,Finland,58,3.6,"Elevators, Escalators"
481,"Jeremy Jacobs, Sr.",United States,75,3.6,Sports Concessions
481,Elizabeth Mohn,Germany,74,3.6,Media
481,Igor Olenicoff,United States,72,3.6,Real Estate
481,Anthony Pratt,Australia,54,3.6,Manufacturing
481,Qiu Guanghe,China,63,3.6,Apparel Retail
481,"Walter Scott, Jr.",United States,83,3.6,"Utilities, Telecom"
481,Sheldon Solow,United States,86,3.6,Real Estate
481,Steven Spielberg,United States,68,3.6,Movies
481,Yitzhak Tshuva,Israel,66,3.6,Real Estate
497,Mohammed Al Issa,Saudi Arabia,90,3.5,Investments
497,Rahel Blocher,Switzerland,39,3.5,Chemicals
497,Chey Tae-Won,South Korea,54,3.5,Computer Services/Telecoms
497,"Edward DeBartolo, Jr.",United States,68,3.5,Shopping Centers
497,Andrei Guriev,Russia,54,3.5,Fertilizers
497,Ingvar Kamprad,Sweden,88,3.5,Ikea
497,Iskander Makhmudov,Russia,51,3.5,"Mining, Metals, Machinery"
497,Alain Merieux,France,77,3.5,Pharmaceuticals
497,Pan Zhengmin,China,45,3.5,Electronics
497,Michael Platt,United Kingdom,46,3.5,Hedge Fund
497,Viktor Rashnikov,Russia,66,3.5,Steel
497,Haim Saban,United States,70,3.5,"Tv Network, Investments"
497,Beny Steinmetz,Israel,58,3.5,"Mining, Diamonds, Real Estate"
497,Martin Viessmann,Germany,61,3.5,Heating Equipment
497,Zhang Changhong,China,57,3.5,Finance Information Service
512,Brian Acton,United States,43,3.4,Whatsapp
512,Saif Al Ghurair,United Arab Emirates,n/a,3.4,Diversified
512,Marc Benioff,United States,50,3.4,Business Software
512,John Doerr,United States,63,3.4,Venture Capital
512,Walter Faria,Brazil,59,3.4,Beer
512,David Filo,United States,48,3.4,Yahoo
512,Christa Gelpke,Germany,n/a,3.4,Pharmaceuticals
512,Masatoshi Ito,Japan,90,3.4,Retail
512,Erich Kellerhals,Germany,76,3.4,Electronics Retailer
512,Suleiman Kerimov,Russia,48,3.4,Investments
512,Mangal Prabhat Lodha,India,59,3.4,Real Estate
512,Magdalena Martullo-Blocher,Switzerland,46,3.4,Chemicals
512,Clayton Mathile,United States,74,3.4,Pet Food
512,Anthony Pritzker,United States,54,3.4,"Hotels, Investments"
512,Jay Robert (J.B.) Pritzker,United States,50,3.4,"Hotels, Investments"
512,"Julian Robertson, Jr.",United States,83,3.4,Hedge Funds
512,Kushal Pal Singh,India,83,3.4,Real Estate
512,Chee Chen Tung,Hong Kong,73,3.4,Shipping
512,Wu Yajun,China,51,3.4,Real Estate
512,Steve Wynn,United States,73,3.4,"Casinos, Hotels"
512,Zhang Xin,China,49,3.4,Real Estate
533,Heinz-Georg Baus,Germany,81,3.4,Home Improvement Stores
534,"Austen Cargill, II.",United States,64,3.3,Cargill
534,"James Cargill, II.",United States,65,3.3,Cargill
534,Isabel dos Santos,Angola,41,3.3,Investments
534,Juan Carlos Escotet,Venezuela,55,3.3,Banking
534,Dan Friedkin,United States,50,3.3,Toyota Dealerships
534,Jiang Bin,China,48,3.3,Acoustic Components
534,Daryl Katz,Canada,53,3.3,Pharmacies
534,Peter Kellogg,United States,72,3.3,Investments
534,Li Zhongchu,China,51,3.3,Software
534,Marianne Liebmann,United States,61,3.3,Cargill
534,Najib Mikati,Lebanon,59,3.3,Telecom
534,Taha Mikati,Lebanon,70,3.3,Telecom
534,Masahiro Miki,Japan,59,3.3,Retail
534,Shigenobu Nagamori,Japan,70,3.3,Motors
534,Axel Oberwelland,Germany,48,3.3,Candy
534,Pang Kang,China,59,3.3,Soy Sauce Maker
534,Michael Pieper,Switzerland,69,3.3,Kitchen Appliances
534,Leandro Rizzuto,United States,76,3.3,Consumer Products
534,Teddy Sagi,Israel,43,3.3,Gambling Software
534,Stephan Schmidheiny,Switzerland,67,3.3,Investments
534,Harry Stine,United States,73,3.3,Agriculture
534,Andreas Struengmann,Germany,65,3.3,Pharmaceuticals
534,Thomas Struengmann,Germany,65,3.3,Pharmaceuticals
557,Abdulla Al Futtaim,United Arab Emirates,n/a,3.2,"Auto Dealers, Investments"
557,Bubba Cathy,United States,60,3.2,Chick-Fil-A
557,Dan Cathy,United States,62,3.2,Chick-Fil-A
557,Jason Chang,Singapore,70,3.2,Electronics
557,Dagmar Dolby,United States,73,3.2,Dolby Laboratories
557,Doris Fisher,United States,83,3.2,Gap
557,Tom Gores,United States,50,3.2,Private Equity
557,Jia Yueting,China,42,3.2,Online Video
557,Mary Alice Dorrance Malone,United States,65,3.2,Campbell Soup
557,Yuri Milner,Russia,53,3.2,Facebook
557,Kerr Neilson,Australia,65,3.2,Investment
557,Thomas Pritzker,United States,64,3.2,"Hotels, Investments"
557,"Robert Rich, Jr.",United States,74,3.2,Frozen Foods
557,Renzo Rosso,Italy,59,3.2,Diesel Jeans
557,Zygmunt Solorz-Zak,Poland,58,3.2,Tv Broadcasting
557,Jeff Sutton,United States,55,3.2,Real Estate
557,Joan Tisch,United States,89,3.2,Diversified
557,Roger Wang,United States,66,3.2,Retail
557,Wang Wenxue,China,47,3.2,Real Estate
557,Zhu Xingliang,China,55,3.2,Construction
577,Emilio Azcarraga Jean,Mexico,47,3.1,Media
577,John Catsimatidis,United States,66,3.1,"Oil, Real Estate, Supermarkets"
577,Jean Pierre Cayard,France,72,3.1,Spirits
577,Ray Davis,United States,73,3.1,Pipelines
577,Stanley Druckenmiller,United States,61,3.1,Hedge Funds
577,Jaime Gilinski Bacal,Colombia,57,3.1,Banking
577,Erivan Haub,Germany,82,3.1,Retail
577,"Amos Hostetter, Jr.",United States,78,3.1,Cable Television
577,Huang Rulun,China,63,3.1,Real Estate
577,Johan Johannson,Norway,48,3.1,Grocery Wholesaling
577,H. Fisk Johnson,United States,56,3.1,Cleaning Products
577,Imogene Powers Johnson,United States,85,3.1,Cleaning Products
577,S. Curtis Johnson,United States,59,3.1,Cleaning Products
577,Helen Johnson-Leipold,United States,58,3.1,Cleaning Products
577,Winnie Johnson-Marquart,United States,55,3.1,Cleaning Products
577,John Kapoor,United States,71,3.1,Healthcare
577,David Murdock,United States,91,3.1,"Dole, Real Estate"
577,Jorge Perez,United States,65,3.1,Condos
577,Kevin Plank,United States,42,3.1,Under Armour
577,Issad Rebrab,Algeria,71,3.1,Food
577,Naguib Sawiris,Egypt,60,3.1,Telecom
577,Alexander Svetakov,Russia,47,3.1,"Banking, Real Estate"
577,Tang Yiu,Hong Kong,81,3.1,Retail
577,Alfred Taubman,United States,91,3.1,Real Estate
577,Yu Yong,China,54,3.1,Mining Investments
577,Eddie & Sol Zakay,United Kingdom,64,3.1,Real Estate
603,Neil Bluhm,United States,77,3,Real Estate
603,Richard Chandler,New Zealand,56,3,Investments
603,Andrew & Peggy Cherng,United States,n/a,3,Restaurants
603,Mark Cuban,United States,56,3,Online Media
603,Aloysio de Andrade Faria,Brazil,94,3,Banking
603,Jeff Greene,United States,60,3,"Real Estate, Investments"
603,Indu Jain,India,78,3,Media
603,Min Kao,United States,66,3,Navigation Equipment
603,Igor Kesaev,Russia,48,3,"Tobacco Distribution, Retail"
603,William Koch,United States,74,3,"Oil, Investments"
603,James Leprino,United States,77,3,Cheese
603,Sudhir & Samir Mehta,India,n/a,3,Diversified
603,Karl-Johan Persson,Sweden,39,3,H&M
603,Tom Persson,Sweden,30,3,H&M
603,"David Rockefeller, Sr.",United States,99,3,"Oil, Banking"
603,"Wilbur Ross, Jr.",United States,77,3,Investments
603,Stephen Rubin,United Kingdom,77,3,Sports Apparel
603,Shaul Shani,Israel,60,3,Technology
603,Charlotte Soderstrom,Sweden,38,3,H&M
603,Daniel Tsai,Taiwan,58,3,Finance
603,Richard Tsai,Taiwan,57,3,Finance
603,Hans Peter Wild,Germany,73,3,Wild Flavors Gmbh
603,Oprah Winfrey,United States,61,3,Television
603,Ye Chenghai,Hong Kong,71,3,Pharmaceuticals
603,Yeoh Tiong Lay,Malaysia,85,3,"Construction, Real Estate"
628,Syed Mokhtar AlBukhary,Malaysia,63,2.9,Diversified
628,Carlo Benetton,Italy,71,2.9,"Clothing, Investments"
628,Gilberto Benetton,Italy,73,2.9,"Clothing, Investments"
628,Giuliana Benetton,Italy,77,2.9,"Clothing, Investments"
628,Luciano Benetton,Italy,79,2.9,"Clothing, Investments"
628,David Cheriton,Canada,63,2.9,Google
628,"William Conway, Jr.",United States,65,2.9,Private Equity
628,Daniel D'Aniello,United States,68,2.9,Private Equity
628,Jack Dangermond,United States,69,2.9,Mapping Software
628,Giuseppe De'Longhi,Italy,75,2.9,Coffee Makers
628,Andre Esteves,Brazil,46,2.9,Banking
628,John Fisher,United States,53,2.9,Gap
628,Rosa Anna Magno Garavoglia,Italy,n/a,2.9,Spirits
628,Guenter Herz & Family,Germany,74,2.9,Coffee
628,Daniela Herz,Germany,61,2.9,Coffee
628,Kim Beom-su,South Korea,48,2.9,Mobile Chat Service
628,Edward Lampert,United States,52,2.9,Sears
628,Samuel Tak Lee,Hong Kong,75,2.9,Real Estate
628,Edwin Leong,Hong Kong,63,2.9,Real Estate
628,Youssef Mansour,Egypt,69,2.9,Diversified
628,Sergio Mantegazza,Switzerland,87,2.9,Travel
628,Kalanithi Maran,India,49,2.9,Media
628,Siegfried Meister,Germany,76,2.9,Appliances
628,Dirk Rossmann,Germany,68,2.9,Drugstore Chain
628,David Rubenstein,United States,65,2.9,Private Equity
628,Michael & Rainer Schmidt-Ruthenbeck,Germany,n/a,2.9,Retail
628,Richard Schulze,United States,74,2.9,Best Buy
628,Shin Chang-Jae,South Korea,61,2.9,Insurance
628,Herbert Simon,United States,80,2.9,Real Estate
628,Warren Stephens,United States,58,2.9,Investment Banking
628,Donald Sterling,United States,79,2.9,Real Estate
628,Wang Wenjing,China,50,2.9,Enterprise Software
628,John Whittaker,United Kingdom,72,2.9,Real Estate
628,Evan Williams,United States,42,2.9,Twitter
628,Xue Xiangdong,China,56,2.9,Software
663,Yvonne Bauer,Germany,37,2.8,Media
663,Chen Fashu,China,54,2.8,"Mining, Hypermarkets"
663,John Paul DeJoria,United States,71,2.8,"Hair Products, Tequila"
663,Judy Faulkner,United States,71,2.8,Health It
663,Ken Fisher,United States,64,2.8,Money Management
663,Lindsay Fox,Australia,77,2.8,Transport
663,Andreas Halvorsen,Norway,53,2.8,Hedge Funds
663,Peter Hargreaves,United Kingdom,68,2.8,Financial Services
663,Jimmy Haslam,United States,61,2.8,Retail
663,Hortensia Herrero,Spain,64,2.8,Supermarkets
663,Huang Shih Tsai,Hong Kong,63,2.8,Real Estate
663,Hui Lin Chit,China,61,2.8,Hygiene Products
663,Saleh Kamel,Saudi Arabia,73,2.8,Diversified
663,Law Kar Po,Hong Kong,67,2.8,Real Estate
663,Ma Jianrong,China,51,2.8,"Textiles, Apparel"
663,Wolfgang Marguerre,Germany,74,2.8,Pharmaceuticals
663,Bernardo Matte,Chile,59,2.8,Paper
663,Eliodoro Matte,Chile,69,2.8,Paper
663,Patricia Matte,Chile,71,2.8,Paper
663,Martin Naughton,Ireland,75,2.8,Heating Equipment
663,Prasert Prasarttong-Osoth,Thailand,81,2.8,Hospitals
663,Qi Shi,China,45,2.8,Internet Portal
663,Richard Rainwater,United States,70,2.8,"Real Estate, Energy, Insurance"
663,Vivek Chaand Sehgal,Australia,58,2.8,Auto Parts
663,Sze Man Bok,China,65,2.8,Hygiene Products
663,Vladimir Yevtushenkov,Russia,66,2.8,Telecom
663,Michael Ying,Hong Kong,65,2.8,Retail
690,Robert Bass,United States,67,2.7,"Oil, Investments"
690,Stephen Bisciotti,United States,54,2.7,"Outsourcing, Football"
690,George Bishop,United States,78,2.7,Oil & Gas
690,Bernard Broermann,Germany,71,2.7,Healthcare
690,Eva Maria Bucher-Haefner,Switzerland,58,2.7,Computer Associates
690,Hubert Burda,Germany,75,2.7,Publishing
690,Jack Dorsey,United States,38,2.7,Twitter
690,Charles Dunstone,United Kingdom,51,2.7,Mobile Phones
690,Philippe Foriel-Destezet,France,79,2.7,Employment Agency
690,Martin Haefner,Switzerland,61,2.7,"Technology, Investments"
690,Otto Happel,Germany,67,2.7,Engineering
690,Joshua Harris,United States,50,2.7,Private Equity
690,Heidi Horten,Austria,74,2.7,Retail
690,Hanni Toosbuy Kasprzak,Denmark,57,2.7,Shoes
690,Liu Zhongtian,China,51,2.7,Aluminum Products
690,Friedhelm Loh,Germany,68,2.7,Manufacturing
690,Ronald McAulay,Hong Kong,78,2.7,Diversified
690,Lorenzo Mendoza,Venezuela,49,2.7,Beverages
690,Husnu Ozyegin,Turkey,70,2.7,"Finance, Diversified"
690,A. Jerrold Perenchio,United States,84,2.7,"Television, Univision"
690,Michael Rubin,United States,42,2.7,Online Retailing
690,Tony Tan Caktiong,Philippines,62,2.7,Fast Food
690,Wang Yusuo,China,50,2.7,Natural Gas Distribution
690,Christoph Zeller,Germany,n/a,2.7,Dental Implants
714,John Arnold,United States,40,2.6,Hedge Funds
714,Semahat Sevim Arsel,Turkey,86,2.6,Diversified
714,Carl Bennet,Sweden,63,2.6,Investments
714,David Bonderman,United States,72,2.6,Private Equity
714,Ron Burkle,United States,62,2.6,"Supermarkets, Investments"
714,John Caudwell,United Kingdom,62,2.6,Mobile Phones
714,Bharat Desai,United States,62,2.6,Outsourcing
714,"John Dorrance, III.",Ireland,71,2.6,Campbell Soup
714,H. Wayne Huizenga,United States,77,2.6,Investments
714,Baba Kalyani,India,66,2.6,Engineering
714,Leng Beng Kwek,Singapore,74,2.6,Real Estate
714,Kenneth Langone,United States,79,2.6,Investments
714,Michel Leclercq,France,75,2.6,Sporting Goods
714,Michael Moritz,United States,60,2.6,Venture Capital
714,Rajan Raheja,India,60,2.6,Diversified
714,Mochtar Riady,Indonesia,85,2.6,Diversified
714,Patrick Ryan,United States,77,2.6,Insurance
714,"Bernard Saul, II.",United States,82,2.6,"Banking, Real Estate"
714,Vichai Srivaddhanaprabha,Thailand,57,2.6,Duty-Free
714,Michael Stoschek,Germany,67,2.6,Autoparts
714,Bulat Utemuratov,Kazakhstan,57,2.6,"Mining, Banking, Hotels"
714,"William Wrigley, Jr.",United States,51,2.6,Chewing Gum
714,Mortimer Zuckerman,United States,77,2.6,"Real Estate, Media"
737,William Ackman,United States,48,2.5,Hedge Funds
737,Andrej Babis,Czech Republic,60,2.5,Agriculture
737,Rahul Bajaj,India,76,2.5,Motorcycles
737,Marie Besnier Beauvalot,France,34,2.5,Cheese
737,Jean-Michel Besnier,France,47,2.5,Cheese
737,Arthur Blank,United States,72,2.5,Home Depot
737,Alain Bouchard,Canada,66,2.5,Retail
737,Karen Johnson Boyd,United States,90,2.5,Cleaning Products
737,Peter Buck,United States,84,2.5,Subway Sandwich Shops
737,Clive Calder,United Kingdom,68,2.5,Record Label
737,Silas Chou,Hong Kong,68,2.5,Apparel
737,Denise Coates,United Kingdom,47,2.5,Online Gambling
737,Jose Luis Cutrale,Brazil,68,2.5,Orange Juice
737,Fred DeLuca,United States,67,2.5,Subway Sandwich Shops
737,Tilman Fertitta,United States,57,2.5,"Restaurants, Casinos"
737,Alexandre Grendene Bartelle,Brazil,65,2.5,Shoes
737,Henry Hillman,United States,96,2.5,Investments
737,B. Wayne Hughes,United States,81,2.5,Self Storage
737,Mustafa Rahmi Koc,Turkey,84,2.5,Diversified
737,Daniel Loeb,United States,53,2.5,Hedge Funds
737,Lu Xiangyang,China,52,2.5,"Automobiles, Batteries"
737,Alexander Mamut,Russia,55,2.5,Investments
737,Thomas Meyer,Switzerland,n/a,2.5,Apparel Retailer
737,Michael Milken,United States,68,2.5,Investments
737,Robert Miller,Canada,69,2.5,Electronics Components
737,Ermirio Pereira de Moraes,Brazil,82,2.5,Diversified
737,Maria Helena Moraes Scripilliti,Brazil,84,2.5,Diversified
737,Yoshiko Mori,Japan,74,2.5,Real Estate
737,Alexander Nesis,Russia,52,2.5,"Metals, Banking, Fertilizers"
737,Philip Niarchos,Greece,61,2.5,Art Collection
737,Stefan Olsson,Sweden,66,2.5,Diversified
737,Sean Parker,United States,35,2.5,Facebook
737,Mary & Douglas Perkins,United Kingdom,n/a,2.5,Retail
737,Sebastian Pinera,Chile,65,2.5,Investments
737,Jean (Gigi) Pritzker,United States,53,2.5,"Hotels, Investments"
737,Penny Pritzker,United States,55,2.5,"Hotels, Investments"
737,Marc Rowan,United States,53,2.5,Private Equity
737,Ferit Faik Sahenk,Turkey,50,2.5,"Banking, Media"
737,Alvaro Saieh Bendeck,Chile,65,2.5,Banking
737,Carlos Sanchez,Brazil,53,2.5,Generic Drugs
737,Howard Schultz,United States,61,2.5,Starbucks
737,Romesh T. Wadhwani,United States,67,2.5,Software
737,Dean White,United States,91,2.5,"Billboards, Hotels"
737,M.A. Yusuff Ali,India,59,2.5,Retail
781,Guenther Lehmann,Germany,n/a,2.5,Drug Stores
782,Chang Yun Chung,Singapore,96,2.4,Shipping
782,Jean Coutu,Canada,87,2.4,Pharmacies
782,Ashwin Dani,India,72,2.4,Paints
782,Edson de Godoy Bueno,Brazil,71,2.4,"Hospitals, Health Care"
782,James Dinan,United States,55,2.4,Hedge Funds
782,Tom Golisano,United States,73,2.4,Payroll Services
782,Mikhail Gutseriev,Russia,56,2.4,"Oil, Real Estate"
782,Carlos Hank Rhon,Mexico,67,2.4,Banking
782,Timothy Headington,United States,64,2.4,"Oil & Gas, Investments"
782,Ingeburg Herz,Germany,93,2.4,Coffee
782,Spiro Latsis,Greece,68,2.4,"Banking, Shipping"
782,Patrick Lee,Hong Kong,73,2.4,Paper
782,Li Shufu,China,51,2.4,Automobiles
782,Robert McNair,United States,78,2.4,"Energy, Sports"
782,Erwin Franz Mueller,Germany,82,2.4,Drug Stores
782,Rishad Naoroji,India,63,2.4,Consumer Goods
782,Ravi Pillai,India,61,2.4,Construction
782,Alexander Ponomarenko,Russia,50,2.4,Port
782,Henry Samueli,United States,60,2.4,Semiconductors
782,Alexandra Schorghuber,Germany,56,2.4,Real Estate
782,Alexander Skorobogatko,Russia,47,2.4,Port
782,Maria Luisa Solari Falabella,Chile,74,2.4,Retail
782,Lawrence Stroll,Canada,55,2.4,Retail
782,Sarik Tara,Turkey,84,2.4,Construction
782,Glen Taylor,United States,73,2.4,Printing
782,Ty Warner,United States,70,2.4,"Real Estate, Plush Toys"
782,Arne Wilhelmsen,Norway,84,2.4,Cruise Ships
782,Nicholas Woodman,United States,39,2.4,Video Cameras
810,John Arrillaga,United States,77,2.3,Real Estate
810,Koos Bekker,South Africa,62,2.3,"Media, Investments"
810,Othman Benjelloun,Morocco,82,2.3,"Banking, Insurance"
810,Charles Bronfman,Canada,83,2.3,Liquor
810,Chen Jinxia,China,46,2.3,Investments
810,Lucio and Susan Co,Philippines,60,2.3,Retailing
810,Kuldip Singh & Gurbachan Singh Dhingra,India,n/a,2.3,Paints
810,Barry Diller,United States,73,2.3,Online Media
810,Bennett Dorrance,United States,69,2.3,Campbell Soup
810,Robert Duggan,United States,70,2.3,Pharmaceuticals
810,Fong Yun Wah,Hong Kong,90,2.3,Real Estate
810,Bernd Freier,Germany,58,2.3,Retail
810,Bill Gross,United States,70,2.3,Investments
810,Don Hankey,United States,71,2.3,Auto Loans
810,Bahaa Hariri,Lebanon,48,2.3,"Real Estate, Investments, Logistics"
810,Johnelle Hunt,United States,83,2.3,Trucking
810,Huo Qinghua,China,53,2.3,Coal
810,Vyacheslav Kantor,Russia,61,2.3,"Fertilizer, Real Estate"
810,Ke Xiping,China,54,2.3,Investments
810,Alicia Koplowitz,Spain,60,2.3,"Construction, Investments"
810,Miguel Krigsner,Brazil,65,2.3,Cosmetics
810,Raj Kumar & Kishin RK,Singapore,60,2.3,Real Estate
810,Khoon Hong Kuok,Singapore,65,2.3,Palm Oil
810,"Stephen Mandel, Jr.",United States,58,2.3,Hedge Funds
810,Yasseen Mansour,Egypt,53,2.3,Diversified
810,Maja Oeri,Switzerland,60,2.3,Roche Holding
810,Richard Peery,United States,76,2.3,Real Estate
810,P.V. Ramprasad Reddy,India,56,2.3,Pharmaceuticals
810,Gary Rollins,United States,70,2.3,Pest Control
810,Randall Rollins,United States,83,2.3,Pest Control
810,Thomas Siebel,United States,62,2.3,Business Software
810,Malvinder & Shivinder Singh,India,n/a,2.3,Healthcare
810,Peter Sondakh,Indonesia,63,2.3,Investments
810,Song Zuowen,China,67,2.3,"Aluminum, Diversified"
810,"Clemmie Spangler, Jr.",United States,82,2.3,Investments
810,Tsai Hong-tu,Taiwan,62,2.3,Finance
810,Wang Changtian,China,49,2.3,"Tv, Movie Production"
847,Bernardo Caprotti,Italy,89,2.2,Grocery Stores
847,Tatiana Casiraghi,United States,31,2.2,Beer
847,Michel Chalhoub,France,83,2.2,Retail
847,Chu Lam Yiu,Hong Kong,45,2.2,Flavorings
847,James Coulter,United States,55,2.2,Private Equity
847,Edgar de Picciotto,Switzerland,85,2.2,Private Banking
847,Rafael Del Pino y Calvo-Sotelo,Spain,56,2.2,Construction
847,John Farber,United States,89,2.2,Chemicals
847,Andrew Forrest,Australia,53,2.2,Mining
847,Fu Liquan,China,47,2.2,Surveillance Equipment
847,Victor Fung,United States,69,2.2,Trading Company
847,William Fung,Hong Kong,66,2.2,Sourcing
847,Mitchell Goldhar,Canada,53,2.2,Real Estate
847,Hoang Kieu,United States,70,2.2,Pharmaceuticals
847,Alijan Ibragimov,Kazakhstan,61,2.2,"Mining, Metals"
847,Erman Ilicak,Turkey,47,2.2,Construction
847,Michael Jaharis,United States,86,2.2,Pharmaceuticals
847,Suna Kirac,Turkey,73,2.2,Diversified
847,Manuel Lao Hernandez,Spain,70,2.2,Gambling
847,Louis Le Duff,France,68,2.2,Bakeries
847,Lee Boo-Jin,South Korea,44,2.2,Computer Services/Tourism
847,Lee Jay-Hyun,South Korea,54,2.2,Food Products/Entertainment
847,Douglas Leone,United States,57,2.2,Venture Capital
847,Herbert Louis,United States,86,2.2,Cleaning Products
847,Josephine Louis,United States,84,2.2,Cleaning Products
847,Alexander Machkevich,Israel,61,2.2,"Mining, Metals"
847,Joe Mansueto,United States,58,2.2,Investment Research
847,"Drayton McLane, Jr.",United States,78,2.2,"Wal-Mart, Logistics"
847,Hans Melchers,Netherlands,76,2.2,"Chemicals, Investments"
847,C. Dean Metropoulos,United States,68,2.2,Investments
847,Patrice Motsepe,South Africa,53,2.2,Mining
847,Daniel Pritzker,United States,56,2.2,"Hotels, Investments"
847,John Pritzker,United States,62,2.2,"Hotels, Investments"
847,Chandru Raheja,India,74,2.2,Real Estate
847,Helena Revoredo,Spain,68,2.2,Insurance
847,Larry Robbins,United States,45,2.2,Hedge Funds
847,Filiz Sahenk,Turkey,48,2.2,"Bank, Media"
847,"Julio Mario Santo Domingo, III.",United States,29,2.2,Beer
847,Fayez Sarofim,United States,86,2.2,Money Management
847,Gil Shwed,Israel,47,2.2,Software
847,Peter Spuhler,Switzerland,55,2.2,Manufacturing
847,Pat Stryker,United States,58,2.2,Medical Equipment
847,Peter Thiel,United States,47,2.2,Facebook
847,Clemens Toennies,Germany,58,2.2,Meat Processing
847,Ted Turner,United States,76,2.2,Cable Television
847,Chip Wilson,Canada,58,2.2,Lululemon
847,Anita Zucker,United States,63,2.2,Chemicals
894,S. Daniel Abraham,United States,90,2.1,Slim-Fast
894,Sulaiman Al Rajhi,Saudi Arabia,87,2.1,Banking
894,Ron Baron,United States,71,2.1,Money Management
894,Jim Breyer,United States,53,2.1,Venture Capital
894,John Brown,United States,80,2.1,Medical Equipment
894,Cai Kui,China,52,2.1,Real Estate
894,Jose and Francisco Jose Calderon Rojas,Mexico,60,2.1,Beverages
894,Francesco Gaetano Caltagirone,Italy,71,2.1,"Cement, Diversified"
894,"Chase Coleman, III.",United States,39,2.1,Hedge Fund
894,Ennio Doris,Italy,74,2.1,Financial Services
894,Feng Hailiang,China,54,2.1,"Copper Processing, Real Estate"
894,Gerald Ford,United States,70,2.1,Banking
894,James France,United States,70,2.1,"Nascar, Racing"
894,Jean Claude Gandur,Switzerland,66,2.1,"Oil Trading, Exploration"
894,Gordon Getty,United States,81,2.1,Getty Oil
894,Sam Goi,Singapore,66,2.1,Frozen Foods
894,Alec Gores,United States,61,2.1,Private Equity
894,Noam Gottesman,United States,53,2.1,Hedge Funds
894,Esther Grether,Switzerland,79,2.1,"Art Collection, Swatch"
894,Susan Hirt Hagen,United States,79,2.1,Insurance
894,Rakesh Jhunjhunwala,India,54,2.1,Investments
894,Bruce Karsh,United States,59,2.1,Private Equity
894,Brad Kelley,United States,58,2.1,Tobacco
894,Habil Khorakiwala,India,72,2.1,Pharmaceuticals
894,Timur Kulibaev,Kazakhstan,48,2.1,Banking
894,Dinara Kulibaeva,Kazakhstan,47,2.1,Banking
894,Marc Ladreit de Lacharriere,France,74,2.1,Finance
894,Christos Lazari,United Kingdom,68,2.1,Real Estate
894,Lee Seo-Hyun,South Korea,41,2.1,Computer Services/Tourism
894,Rodney Lewis,United States,61,2.1,Natural Gas
894,Li Liufa,China,57,2.1,"Steel, Diversified"
894,Liang Xinjun,China,47,2.1,Diversified
894,Igor Makarov,Russia,52,2.1,Gas
894,Howard Marks,United States,68,2.1,Private Equity
894,Daniel Mate,Spain,51,2.1,"Mining, Commodities"
894,Aristotelis Mistakidis,Greece,53,2.1,"Mining, Commodities"
894,Fernando Roberto Moreira Salles,Brazil,68,2.1,"Banking, Minerals"
894,Joao Moreira Salles,Brazil,53,2.1,"Banking, Minerals"
894,Walther Moreira Salles Junior,Brazil,58,2.1,"Banking, Minerals"
894,Pedro Moreira Salles,Brazil,55,2.1,"Banking, Minerals"
894,Farhad Moshiri,United Kingdom,59,2.1,Diversified
894,N.R. Narayana Murthy,India,68,2.1,Software Services
894,Jonathan Nelson,United States,58,2.1,Private Equity
894,Julio Ponce,Chile,69,2.1,Fertilizer
894,Carlos Rodriguez-Pastor,Peru,55,2.1,Finance
894,Stephen Saad,South Africa,50,2.1,Pharmaceuticals
894,Shen Guojun,China,52,2.1,Retail
894,Helmut Sohmen,Austria,75,2.1,Shipping
894,Sun Piaoyang,China,56,2.1,Pharmaceuticals
894,Tsai Cheng-da,Taiwan,n/a,2.1,Finance
894,T.Y. Tsai,Taiwan,n/a,2.1,Finance
894,Wim Van Der Leegte,Netherlands,67,2.1,Manufacturing
894,Wei Ing-Chou,Taiwan,62,2.1,"Food, Beverages"
894,Russ Weiner,United States,45,2.1,Energy Drinks
894,Xiao Wenge,China,48,2.1,Entertainment
949,Mohamed Al Fayed,Egypt,86,2,"Retail, Investments"
949,Folorunsho Alakija,Nigeria,64,2,Oil
949,Vasily Anisimov,Russia,63,2,"Metals, Real Estate"
949,Carlos Ardila Lulle,Colombia,84,2,"Soft Drinks, Diversified"
949,George Argyros,United States,78,2,"Real Estate, Investments"
949,Edward Bass,United States,70,2,"Oil, Investments"
949,Lee Bass,United States,58,2,"Oil, Investments"
949,Vladimir Bogdanov,Russia,63,2,Oil
949,Rossana Camargo de Arruda Botelho,Brazil,65,2,Construction
949,Pierre Chen,Taiwan,57,2,"Art, Electronics"
949,Patokh Chodiev,Belgium,62,2,"Mining, Metals"
949,Belmiro de Azevedo,Portugal,76,2,Retail
949,Glenn Dubin,United States,57,2,Hedge Funds
949,Robert Fisher,United States,61,2,Gap
949,William Fisher,United States,57,2,Gap
949,Fiona Geminder,Australia,50,2,Packaging
949,David Hains,Australia,84,2,Finance
949,Lawrence Ho,Hong Kong,38,2,Casinos
949,Stanley Hubbard,United States,81,2,Directv
949,Manuel Jove,Spain,73,2,Real Estate
949,Bachtiar Karim,Indonesia,58,2,Manufacturing
949,Andrei Kozitsyn,Russia,54,2,Metals
949,Kwon Hyuk-Bin,South Korea,42,2,Online Games
949,Lee Joong-Keun,South Korea,74,2,Construction
949,Thomas Lee,United States,70,2,Leveraged Buyouts
949,Peter Lim,Singapore,61,2,Investments
949,Hans Georg Naeder,Germany,53,2,Prosthetics
949,Renata de Camargo Nascimento,Brazil,64,2,Construction
949,Or Wai Sheun,Hong Kong,63,2,Real Estate
949,Florentino Perez,Spain,67,2,Construction
949,Ajay Piramal,India,59,2,Pharmaceuticals
949,Regina de Camargo Pires Oliveira Dias,Brazil,61,2,Construction
949,Forrest Preston,United States,81,2,Health Care
949,Nicolas Puech,France,72,2,Hermes
949,Chanchai Ruayrungruang,China,61,2,Real Estate
949,Phillip Ruffin,United States,79,2,"Casinos, Real Estate"
949,Shao Genhuo,China,49,2,Agribusiness
949,Michal Solowow,Poland,52,2,Investments
949,Jon Stryker,United States,56,2,Medical Equipment
949,Torbjorn Tornqvist,Sweden,61,2,Oil Trading
949,Tse Ping,China,63,2,Pharmaceuticals
949,Sunny Varkey,India,57,2,Education
949,Sandro Veronesi,Italy,55,2,Fashion Retailer
949,Georg von Opel,Germany,48,2,Real Estate/Investments
949,Ronald Wanek,United States,73,2,Furniture
949,Wei Yin-Chun,Taiwan,58,2,"Food, Beverages"
949,Wei Yin-Heng,Taiwan,56,2,"Food, Beverages"
949,Wei Ying-Chiao,Taiwan,60,2,"Food, Beverages"
949,Meg Whitman,United States,58,2,Ebay
949,Elaine Wynn,United States,71,2,"Casinos, Hotels"
949,Jerry Yang,United States,46,2,Yahoo
1000,Lam Kong,China,50,2,Pharmaceuticals
1000,Liang Yunchao,China,46,2,Nutrition Supplements
1000,Liu Baolin,China,61,2,"Pharmacies, Drug Distribution"
1000,Stewart Rahr,United States,69,2,Drug Distribution
1000,Yasumitsu Shigeta,Japan,50,2,Mobile Telecom
1000,Sun Xishuang,China,61,2,Real Estate
1006,Juan Abello,Spain,73,1.9,Investments
1006,Aras Agalarov,Russia,59,1.9,Real Estate
1006,Tom Benson,United States,87,1.9,New Orleans Saints
1006,Nathan Blecharczyk,United States,31,1.9,Airbnb
1006,Jurgen Blickle,Germany,68,1.9,Auto Parts
1006,Norman Braman,United States,82,1.9,"Art, Car Dealerships"
1006,Gary Burrell,United States,77,1.9,Navigation Equipment
1006,Brian Chesky,United States,33,1.9,Airbnb
1006,Christopher Cline,United States,57,1.9,Coal
1006,Scott Cook,United States,62,1.9,Software
1006,Mark Coombs,United Kingdom,54,1.9,Finance
1006,David Einhorn,United States,46,1.9,Hedge Funds
1006,Eduardo Eurnekian,Argentina,82,1.9,"Airports, Investments"
1006,Carlo Fidani,Canada,60,1.9,Real Estate
1006,Bernard Fraisse,France,58,1.9,Pharmaceuticals
1006,Joe Gebbia,United States,33,1.9,Airbnb
1006,Jonathan Gray,United States,45,1.9,Investments
1006,Joseph Grendys,United States,53,1.9,Meat Processing
1006,Bill Haslam,United States,56,1.9,Truck Stops
1006,Michael Hintze,Australia,61,1.9,Investment
1006,Hamilton James,United States,63,1.9,Investments
1006,King Pak Fu,Hong Kong,45,1.9,Real Estate
1006,Friedrich Knapp,Germany,63,1.9,Retail
1006,Guy Laliberte,Canada,55,1.9,Cirque Du Soleil
1006,Marc Lasry,United States,54,1.9,Hedge Funds
1006,Manuel Moroun,United States,87,1.9,Transportation
1006,Vadim Moshkovich,Russia,47,1.9,"Agriculture, Land"
1006,Madeleine Olsson Ericksson,Sweden,70,1.9,Diversified
1006,Neal Patterson,United States,65,1.9,Health It
1006,Nelson Peltz,United States,72,1.9,Investments
1006,Theodore Rachmat,Indonesia,71,1.9,Diversified
1006,Clayton Riddell,Canada,77,1.9,Oil & Gas
1006,Kjell Inge Rokke,Norway,56,1.9,"Shipping, Seafood"
1006,Daniel Roullier,France,78,1.9,Animal Feed
1006,Kavitark Ram Shriram,United States,58,1.9,"Venture Capital, Google"
1006,Paul Singer,United States,70,1.9,Hedge Funds
1006,Heloise Waislitz,Australia,52,1.9,Packaging
1006,Mark Walter,United States,54,1.9,Finance
1044,Che Fengsheng,China,52,1.9,Pharmaceuticals
1044,Murali Divi,India,63,1.9,Pharmaceuticals
1044,Senapathy Gopalakrishnan,India,59,1.9,Software Services
1044,Lin Tianfu,Hong Kong,52,1.9,Retail
1044,Mario Moretti Polegato,Italy,62,1.9,Shoes
1044,David Nahmad,Monaco,67,1.9,Art
1044,Tor Peterson,United States,50,1.9,Commodities
1044,Ruan Shuilong,China,79,1.9,Chemicals
1044,Wu Guangming,China,53,1.9,Medical Equipment
1044,Amy Wyss,United States,44,1.9,Medical Devices
1054,Bill Adderley,United Kingdom,67,1.8,Home Furnishings
1054,Anil Agarwal,India,61,1.8,"Mining, Metals"
1054,Abdullah Al Rajhi,Saudi Arabia,n/a,1.8,Banking
1054,Chang Yung Fa,Taiwan,87,1.8,Transportation
1054,Ciputra,Indonesia,83,1.8,Real Estate
1054,"Robert Coyiuto, Jr.",Philippines,62,1.8,Power
1054,John de Mol,Netherlands,59,1.8,Tv
1054,N. Murray Edwards,Canada,55,1.8,Oil & Gas
1054,Richard Elman,United Kingdom,75,1.8,Commodities
1054,Fang Wei,China,41,1.8,Steel
1054,Kenneth Feld,United States,66,1.8,"Circus, Live Entertainment"
1054,Alexander Frolov,Russia,50,1.8,"Mining, Steel"
1054,Anne Gittinger,United States,79,1.8,Nordstrom Department Stores
1054,David Gottesman,United States,88,1.8,Investments
1054,Yusuf Hamied,India,78,1.8,Pharmaceuticals
1054,Lutz Mario Helmig,Germany,68,1.8,Medical Facilities
1054,Roberto Hernandez Ramirez,Mexico,72,1.8,Banking
1054,Kim Jung-Ju,South Korea,47,1.8,Online Games
1054,Vladimir Kim,Kazakhstan,54,1.8,Mining
1054,Stephen Lansdown,Guernsey,62,1.8,Financial Services
1054,Li Shuirong,China,58,1.8,Petrochemicals
1054,Lin Xiucheng,China,59,1.8,Electronics
1054,Jeffrey Lorberbaum,United States,60,1.8,Flooring
1054,Brandt Louie,Canada,71,1.8,Drug Store Chain
1054,Catherine Lozick,United States,70,1.8,Manufacturing
1054,Craig McCaw,United States,65,1.8,Telecom
1054,Billy Joe (Red) McCombs,United States,87,1.8,"Real Estate, Oil, Cars"
1054,Nirav Modi,India,44,1.8,Diamond Jewelry
1054,Jorge Moll Filho,Brazil,70,1.8,Hospitals
1054,Marius Nacht,Israel,49,1.8,Software
1054,Bruce Nordstrom,United States,81,1.8,Department Stores
1054,Bob Parsons,United States,64,1.8,Web Hosting
1054,Robert Pera,United States,36,1.8,Technology
1054,Peter Peterson,United States,88,1.8,Investments
1054,Alberto Prada,Italy,n/a,1.8,Prada
1054,Marina Prada,Italy,n/a,1.8,Prada
1054,Jennifer Pritzker,United States,63,1.8,"Hotels, Investments"
1054,Linda Pritzker,United States,61,1.8,"Hotels, Investments"
1054,James Ratcliffe,United Kingdom,62,1.8,Chemicals
1054,Luigi Rovati,Italy,86,1.8,Pharmaceuticals
1054,Onsi Sawiris,Egypt,85,1.8,"Construction, Telecom"
1054,Thomas Secunda,United States,60,1.8,Bloomberg Lp
1054,Shen Ya,China,44,1.8,Online Apparel Retail
1054,Alexandre Soares dos Santos,Portugal,80,1.8,Retail
1054,Sylvia Stroher,Germany,59,1.8,Cosmetics
1054,Sukanto Tanoto,Indonesia,65,1.8,Diversified
1054,Peter Unger,Germany,70,1.8,Auto Repair
1054,Radovan Vitek,Czech Republic,43,1.8,Real Estate
1054,David Walentas,United States,76,1.8,Real Estate
1054,Wang Qingtao,China,53,1.8,Steel Smelting
1054,Zhang Li,China,62,1.8,Real Estate
1105,Ali Ibrahim Agaoglu,Turkey,61,1.8,Construction
1105,Cai Dongqing,China,45,1.8,Animation
1105,Cao Longxiang,China,57,1.8,Pharmaceuticals
1105,Diego Della Valle,Italy,61,1.8,Shoes
1105,Dermot Desmond,Ireland,64,1.8,Finance
1105,James Irsay,United States,55,1.8,Indianapolis Colts
1105,Li Sze Lim,Hong Kong,58,1.8,Real Estate
1105,Nandan Nilekani,India,59,1.8,Software Services
1105,"H. Ross Perot, Jr.",United States,56,1.8,"Computer Services, Real Estate"
1105,Yuri Shefler,Russia,47,1.8,Alcohol
1105,Tahir,Indonesia,62,1.8,Diversified
1105,Takao Yasuda,Japan,65,1.8,Retail
1105,"Richard Yuengling, Jr.",United States,71,1.8,Beer
1118,Aziz Akhannouch,Morocco,54,1.7,"Petroleum, Diversified"
1118,Louis Bacon,United States,56,1.7,Hedge Funds
1118,Mikhail Balakin,Russia,53,1.7,Construction
1118,Sid Bass,United States,72,1.7,"Oil, Investments"
1118,Aldo Bensadoun,Canada,76,1.7,Shoes
1118,Rainer Blickle,Germany,n/a,1.7,Auto Parts
1118,Jaime Botin,Spain,78,1.7,Banking
1118,Nikolai Buinov,Russia,47,1.7,Oil & Gas
1118,Chen Bang,China,49,1.7,Hospitals
1118,Dulce Pugliese de Godoy Bueno,Brazil,67,1.7,"Hospitals, Health Care"
1118,Ana Lucia de Mattos Barretto Villela,Brazil,41,1.7,Banking
1118,Richard Desmond,United Kingdom,63,1.7,Publishing
1118,Alfredo Egydio Arruda Villela Filho,Brazil,45,1.7,Banking
1118,Mario Gabelli,United States,72,1.7,Money Management
1118,Stelios Haji-Ioannou,Cyprus,48,1.7,Easyjet
1118,Christoph Henkel,Germany,n/a,1.7,Consumer Goods
1118,Huang Hongyun,China,48,1.7,Real Estate
1118,W. Herbert Hunt,United States,86,1.7,Oil
1118,Irwin Jacobs,United States,81,1.7,Semiconductors
1118,Ravi Jaipuria,India,60,1.7,Soft Drinks
1118,"Joe Jamail, Jr.",United States,89,1.7,Lawsuits
1118,Jiang Rensheng,China,61,1.7,Vaccine Production
1118,Jiang Wei,China,53,1.7,Pharmaceuticals
1118,Jiang Zhaobai,China,51,1.7,Real Estate
1118,"Jim Justice, II.",United States,63,1.7,Coal
1118,"Anton Kathrein, Jr.",Germany,30,1.7,Antennas
1118,Vinod Khosla,United States,60,1.7,Venture Capital
1118,Karel Komarek,Czech Republic,45,1.7,Oil And Gas
1118,Angela Leong,Hong Kong,53,1.7,Casinos
1118,Lin Li,China,51,1.7,Investments
1118,Vincent Lo,Hong Kong,66,1.7,Real Estate
1118,Tom Morris,United Kingdom,60,1.7,Retail
1118,"Henry Nicholas, III.",United States,55,1.7,Semiconductors
1118,Ahsen Ozokur,Turkey,64,1.7,Food Manufacturing
1118,Ranjan Pai,India,42,1.7,Education
1118,Lirio Parisotto,Brazil,61,1.7,Investments
1118,Murdaya Poo,Indonesia,74,1.7,Diversified
1118,Alexander Samwer,Germany,40,1.7,Rocket Internet
1118,Marc Samwer,Germany,44,1.7,Tech Startups
1118,Oliver Samwer,Germany,41,1.7,Tech Startups
1118,"Karl Scheufele, III.",Switzerland,76,1.7,Jewelry
1118,Dieter Schnabel,Germany,69,1.7,Chemicals
1118,Gerald Schwartz,Canada,73,1.7,Finance
1118,B.R. Shetty,India,73,1.7,Healthcare
1118,Thaksin Shinawatra,Thailand,65,1.7,Investments
1118,Martua Sitorus,Indonesia,55,1.7,Palm Oil
1118,Dan Snyder,United States,50,1.7,Washington Redskins
1118,Mark Stevens,United States,55,1.7,Venture Capital
1118,Torsten Toeller,Germany,48,1.7,Pet Food
1118,Robert Toennies,Germany,n/a,1.7,Meat Processing
1118,Thongma Vijitpongpun,Thailand,56,1.7,Real Estate
1118,Vincent Viola,United States,59,1.7,Electronic Trading
1118,Pham Nhat Vuong,Vietnam,46,1.7,Real Estate
1118,Ian Wood,United Kingdom,72,1.7,Energy Services
1118,Jon Yarbrough,United States,57,1.7,Video Games
1173,Elisabeth Badinter,France,71,1.7,Advertising
1173,Domenico Dolce,Italy,56,1.7,Dolce & Gabbana
1173,Stefano Gabbana,Italy,52,1.7,Dolce & Gabbana
1173,Hans-Werner Hector,Germany,75,1.7,Sap
1173,Huang Zhenda,China,67,1.7,Construction
1173,Keeree Kanjanapas,Thailand,65,1.7,Transportation
1173,Koo Bon-Moo,South Korea,70,1.7,Electronics/Chemicals/Household Products
1173,Eric Lefkofsky,United States,45,1.7,Groupon
1173,Oon Kuin Lim,Singapore,71,1.7,Oil Trading
1173,Akio Nitori,Japan,71,1.7,Retail
1173,Sudthida Ratanarak,Thailand,n/a,1.7,"Media, Real Estate"
1173,J. Joe Ricketts,United States,73,1.7,Td Ameritrade
1173,Shen Wenrong,China,69,1.7,Steel Production
1173,Tsai Ming-Kai,Taiwan,64,1.7,Semiconductors
1173,Tseng Shin-Yi,Taiwan,87,1.7,Petrochemicals
1173,Zhou Chengjian,China,49,1.7,Apparel Retail
1173,Zhou Yahui,China,38,1.7,Online Games
1190,Leslie Alexander,United States,71,1.6,Houston Rockets
1190,Igor Altushkin,Russia,44,1.6,Metals
1190,Naruatsu Baba,Japan,37,1.6,Smartphone Game Maker
1190,Alex Beard,United Kingdom,47,1.6,"Mining, Commodities"
1190,David Booth,United States,69,1.6,Mutual Funds
1190,Julio Bozano,Brazil,79,1.6,Banking
1190,Eduardo Carmignac,France,67,1.6,Asset Management
1190,Sarah Chaney,United States,61,1.6,Cargill
1190,Alexandra Daitch,United States,52,1.6,Cargill
1190,Venugopal Dhoot,India,63,1.6,Electronics
1190,Gabriel Escarrer,Spain,80,1.6,Hotels
1190,Fu Meicheng,China,57,1.6,"Tv Shows, Movies"
1190,Dan Gertler,Israel,41,1.6,Mining
1190,John Henry,United States,65,1.6,Sports
1190,Alan Howard,United Kingdom,51,1.6,Hedge Funds
1190,Stephen Jarislowsky,Canada,89,1.6,Money Management
1190,Danil Khachaturov,Russia,43,1.6,"Insurance, Banking, Real Estate"
1190,Wolfgang Leitner,Austria,61,1.6,Engineering
1190,Liao Long-Shing,Taiwan,n/a,1.6,Petrochemicals
1190,Suhon Lin,Taiwan,87,1.6,Petrochemicals
1190,Robert Miller,United Kingdom,81,1.6,Retail
1190,Boris Mints,Russia,56,1.6,Real Estate
1190,Phillip Ragon,United States,65,1.6,Health It
1190,Thomas Steyer,United States,57,1.6,Hedge Funds
1190,Lucy Stitzer,United States,55,1.6,Cargill
1190,Katherine Tanner,United States,59,1.6,Cargill
1190,Wichai Thongtang,Thailand,68,1.6,Investments
1190,Tian Ming,China,61,1.6,Measuring Instruments
1190,Joop van den Ende,Netherlands,73,1.6,Tv
1190,Manuel Villar,Philippines,65,1.6,Real Estate
1190,Jitendra Virwani,India,49,1.6,Real Estate
1190,Allan Wong,Hong Kong,65,1.6,Electronics
1190,Simon Xie,China,45,1.6,Online Payment Service
1190,Gavril Yushvaev,Russia,57,1.6,"Precious Metals, Real Estate"
1190,Zan Shengda,China,51,1.6,Diversified
1190,Zhang Hongwei,China,60,1.6,"Oil, Banking"
1226,Roberto Angelini Rossi,Chile,66,1.6,"Forestry, Mining"
1226,Ana Maria Brescia Cafferata,Peru,90,1.6,"Mining, Banking"
1226,Rosa Brescia Cafferata,Peru,88,1.6,"Mining, Fisheries"
1226,Vivek Chand Burman,India,77,1.6,Consumer Goods
1226,Bruce Cheng,Taiwan,79,1.6,Electronics
1226,Pollyanna Chu,Hong Kong,57,1.6,Financial Services
1226,James Clark,United States,70,1.6,"Netscape, Investments"
1226,Du Jiangtao,China,45,1.6,Chemicals
1226,Reinold Geiger,Austria,67,1.6,Beauty Products
1226,Goh Peng Ooi,Malaysia,60,1.6,Software
1226,Allan Gray,South Africa,77,1.6,Investing
1226,Richard Hayne,United States,67,1.6,Urban Outfitters
1226,Huang Li,China,51,1.6,Infrared Imaging Systems
1226,Huang Qisen,China,50,1.6,Real Estate
1226,Lee Hwa-Kyung,South Korea,59,1.6,Snack Foods
1226,Lin Jianhua,China,52,1.6,Solar
1226,Liu Xuejing,China,64,1.6,"Copper, Poultry"
1226,Gary Michelson,United States,66,1.6,Medical Patents
1226,Gregorio Perez Companc,Argentina,79,1.6,Oil And Gas
1226,Shin Dong-Bin,South Korea,60,1.6,Retailing
1226,Sit Kwong Lam,Hong Kong,47,1.6,"Oil, Transportation"
1226,Ronald Southern,Canada,84,1.6,"Structures, Utilities"
1226,Petter Stordalen,Norway,52,1.6,Hotels
1226,Wu Yiling,China,65,1.6,Pharmaceuticals
1250,Lina Maria Aguiar,Brazil,77,1.5,Banking Inheritance
1250,Sergio Lins Andrade,Brazil,67,1.5,Construction
1250,Michael Ashcroft,United Kingdom,69,1.5,Security
1250,Nicolas Berggruen,United States,53,1.5,Investments
1250,Alberto Bombassei,Italy,74,1.5,Automotive Brakes
1250,Josef Boquoi,Germany,81,1.5,Frozen Foods
1250,Timothy Boyle,United States,65,1.5,Columbia Sportswear
1250,Cho Tak Wong,Hong Kong,68,1.5,Auto Parts
1250,Kommer Damen,Netherlands,70,1.5,Shipbuilding
1250,Benjamin de Rothschild,Switzerland,51,1.5,Banking
1250,Darwin Deason,United States,74,1.5,Xerox
1250,Maria Del Pino y Calvo-Sotelo,Spain,58,1.5,Construction
1250,Fritz Draexlmaier,Germany,n/a,1.5,Auto Parts
1250,Alexander Dzhaparidze,Russia,59,1.5,Oil Services
1250,"Frank Fertitta, III.",United States,53,1.5,"Casinos, Ultimate Fighting Championship"
1250,Lorenzo Fertitta,United States,46,1.5,"Casinos, Ultimate Fighting Championship"
1250,Martha Ford,United States,89,1.5,Ford Motor
1250,Paul Foster,United States,57,1.5,Oil Refining
1250,Walter Frey,Switzerland,71,1.5,Emil Frey Group
1250,Jayme Garfinkel,Brazil,69,1.5,Insurance
1250,Geng Jianming,China,52,1.5,Real Estate
1250,Rolf Gerling,Germany,60,1.5,Insurance
1250,Peter Gilgan,Canada,64,1.5,Homebuilding
1250,Christopher Goldsbury,United States,72,1.5,Salsa
1250,David Harding,United Kingdom,53,1.5,Finance
1250,Saad Hariri,Lebanon,44,1.5,"Construction, Investments"
1250,Jonathan Harmsworth,United Kingdom,47,1.5,Publishing
1250,Devendra Jain,India,86,1.5,Chemicals
1250,George Joseph,United States,93,1.5,Insurance
1250,Seth Klarman,United States,57,1.5,Investments
1250,Schulenberg Klaus-Peter,Germany,n/a,1.5,Ticketing Service
1250,Li Li,China,51,1.5,Pharmaceuticals
1250,Scott Lin,Taiwan,n/a,1.5,Optical Components
1250,Gary Magness,United States,61,1.5,"Cable, Investments"
1250,Alfred Mann,United States,89,1.5,Medical Devices
1250,Marie-Jeanne Meyer,France,73,1.5,Commodities
1250,Lachhman Das Mittal,India,84,1.5,Tractors
1250,Arturo Moreno,United States,68,1.5,Billboards
1250,Mofatraj Munot,India,70,1.5,Real Estate
1250,Bobby Murphy,United States,26,1.5,Snapchat
1250,Ezra Nahmad,Monaco,69,1.5,Art
1250,Nan Cunhui,China,51,1.5,Electrical Power Equipment
1250,Jay Paul,United States,67,1.5,Real Estate
1250,Stanley Perron,Australia,92,1.5,"Property, Retail"
1250,Victor Pinchuk,Ukraine,54,1.5,"Steel Pipes, Diversified"
1250,Purnomo Prawiro,Indonesia,68,1.5,Taxis
1250,"Nicholas Pritzker, II.",United States,71,1.5,"Hotels, Investments"
1250,Antony Ressler,United States,53,1.5,Finance
1250,Monique Roosmale Nepveu,France,75,1.5,Commodities
1250,Rodney Sacks,United States,65,1.5,Energy Drinks
1250,Ralph Sonnenberg,Netherlands,80,1.5,Blinds
1250,Evan Spiegel,United States,24,1.5,Snapchat
1250,Edward Stack,United States,60,1.5,Dick's Sporting Goods
1250,Sun Hongbin,United States,52,1.5,Real Estate
1250,Sun Shoukuan,China,65,1.5,Chemicals
1250,Henry Swieca,United States,57,1.5,Hedge Funds
1250,Katsumi Tada,Japan,69,1.5,Real Estate
1250,Jim Thompson,United States,75,1.5,Logistics
1250,Todd Wagner,United States,54,1.5,Online Media
1250,Wang Junmin,China,46,1.5,Pharmaceuticals
1250,Xiong Xuqiang,Hong Kong,58,1.5,Real Estate
1250,Zhu Gongshan,China,57,1.5,Solar Panel Materials
1312,Anu Aga,India,72,1.5,Engineering
1312,Cao Kejian,China,52,1.5,Air Compressors
1312,Chao Teng-Hsiung,Taiwan,71,1.5,Real Estate
1312,Chen Yung-Tai,Taiwan,79,1.5,Real Estate
1312,Bulent Eczacibasi,Turkey,65,1.5,"Pharmaceuticals, Diversified"
1312,Max Michel Suberville,Mexico,82,1.5,Beverages
1312,Robert Mouawad,Lebanon,70,1.5,Fine Jewelry
1312,Qiu Jianping,China,53,1.5,Hand Tools
1312,Wilma Tisch,United States,87,1.5,Diversified
1312,Kenny Troutt,United States,67,1.5,Telecommunications
1312,Wei Shaojun,China,52,1.5,Real Estate
1312,Wong Kwong Yu,China,45,1.5,Retail
1324,Radhe Shyam Agarwal,India,70,1.4,Consumer Goods
1324,Farkhad Akhmedov,Russia,59,1.4,Natural Gas
1324,Abdul Majeed Alhokair,Saudi Arabia,45,1.4,"Retailing, Real Estate"
1324,Fawaz Alhokair,Saudi Arabia,49,1.4,"Retail, Shopping Malls"
1324,Salman Alhokair,Saudi Arabia,48,1.4,"Retailing, Shopping Malls"
1324,"Herbert Allen, Jr.",United States,75,1.4,Investment Banking
1324,Edmund Ansin,United States,78,1.4,Television
1324,Carol Jenkins Barnett,United States,58,1.4,Publix Supermarkets
1324,Thomas Bruch,Germany,64,1.4,Food Retailing
1324,Anand Burman,India,62,1.4,Consumer Goods
1324,Ahmet Calik,Turkey,57,1.4,"Energy, Media, Banking"
1324,Benedicta Chamberlain,United Kingdom,71,1.4,Alcohol
1324,Chen Jianhua,China,44,1.4,Chemicals
1324,Alfred James Clark,United States,87,1.4,Construction
1324,Alberto Cortina,Spain,69,1.4,Investments
1324,Claude Dauphin,France,64,1.4,Commodities
1324,Faruk Eczacibasi,Turkey,60,1.4,"Pharmaceuticals, Diversified"
1324,Clement Fayat,France,83,1.4,Construction
1324,J. Christopher Flowers,United States,57,1.4,Investments
1324,Alan Gerry,United States,85,1.4,Cable Television
1324,Radhe Shyam Goenka,India,69,1.4,Consumer Goods
1324,Sanjiv Goenka,India,54,1.4,Diversified
1324,Ryan Graves,United States,31,1.4,Car Service
1324,Alfredo Harp Helu,Mexico,70,1.4,Banking
1324,William Heinecke,Thailand,66,1.4,Hotels
1324,Hong Ra-Hee,South Korea,69,1.4,Samsung
1324,Stewart Horejsi,United States,77,1.4,Berkshire Hathaway
1324,Kenji Kasahara,Japan,39,1.4,Social Networking Website
1324,Pyotr Kondrashev,Russia,65,1.4,Fertilizers
1324,Thomas Lau,Hong Kong,61,1.4,Real Estate
1324,Jane Lauder,United States,42,1.4,Cosmetics
1324,Aerin Lauder Zinterhofer,United States,45,1.4,Cosmetics
1324,Lee Man Tat,Hong Kong,86,1.4,Food
1324,Lee Myung-Hee,South Korea,71,1.4,Retailing
1324,Lei Jufang,China,62,1.4,Pharmaceuticals
1324,Liu Changqing,China,62,1.4,Manufacturing
1324,Kenneth Lo,United Kingdom,76,1.4,Textiles
1324,Anatoly Lomakin,Russia,62,1.4,Fertilizers
1324,Ana Maria Marcondes Penido Sant'Anna,Brazil,59,1.4,Toll Roads
1324,Rubens Ometto Silveira Mello,Brazil,65,1.4,"Sugar, Ethanol"
1324,Surang Prempree,Thailand,72,1.4,Media
1324,Michael Price,United States,62,1.4,Investments
1324,Nevaldo Rocha,Brazil,85,1.4,Retail
1324,Arkady Rotenberg,Russia,63,1.4,"Construction, Pipes, Banking"
1324,Jeff Rothschild,United States,60,1.4,Facebook
1324,Antonio Luiz Seabra,Brazil,72,1.4,Cosmetics
1324,Charles Simonyi,United States,67,1.4,Microsoft
1324,Thomas Straumann,Switzerland,51,1.4,Dental Implants
1324,Frank Stronach,Canada,82,1.4,Auto Parts
1324,Hary Tanoesoedibjo,Indonesia,49,1.4,Media
1324,Wang Xing,China,n/a,1.4,E-Commerce
1324,Charlotte Colket Weber,United States,72,1.4,Campbell Soup
1324,Wen Yibo,China,49,1.4,Wastewater Treatment
1324,Xiu Laigui,China,60,1.4,Pharmaceuticals
1324,Yang Kai,China,58,1.4,Dairy Products
1324,Yang Zhimao,China,52,1.4,"Utilities, Real Estate"
1324,Ye Cheng,China,53,1.4,Diversified
1324,William Young,United States,74,1.4,Plastics
1324,Charles Zegar,United States,67,1.4,Bloomberg Lp
1324,Zhang Guiping,China,63,1.4,Real Estate
1324,Zhang Zhirong,Hong Kong,46,1.4,Shipbuilding
1324,Ahmet Nazif Zorlu,Turkey,70,1.4,Diversified
1386,Somphote Ahunai,Thailand,47,1.4,Energy
1386,Paolo Bulgari,Italy,77,1.4,Luxury Goods
1386,Steve Case,United States,56,1.4,Aol
1386,Kiat Chiaravanont,Thailand,n/a,1.4,Food
1386,Ding Shizhong,China,44,1.4,Sports Apparel
1386,Asok Kumar Hiranandani,Singapore,60,1.4,Real Estate
1386,Douglas Hsu,Taiwan,72,1.4,Diversified
1386,Kei Hoi Pang,China,49,1.4,Real Estate
1386,Li Yihai,China,52,1.4,Pharmaceuticals
1386,Lin Bin,China,47,1.4,Smartphones
1386,Pier Luigi Loro Piana,Italy,63,1.4,Fashion
1386,Ma Xingtian,China,45,1.4,Pharmaceuticals
1386,Harsh Mariwala,India,63,1.4,Consumer Goods
1386,Brian Roberts,United States,55,1.4,Comcast
1386,Hilton Schlosberg,United Kingdom,62,1.4,Monster Energy Drinks
1386,Shao Zhongyi,China,46,1.4,Soybean Trading
1386,Shin Dong-Joo,South Korea,61,1.4,Retailing
1386,Sun Shangchuan & wife,China,51,1.4,Electronics Components
1386,Sun Weijie,China,51,1.4,Oilfield Equipment
1386,Joyce Raley Teel,United States,84,1.4,Supermarkets
1386,Tiong Hiew King,Malaysia,79,1.4,Timber/Media
1386,Mustafa Latif Topbas,Turkey,70,1.4,"Food Manufacturing, Retail"
1386,Hamdi Ulukaya,Turkey,43,1.4,Chobani Yogurt
1386,Wei Qi,China,60,1.4,Chemicals
1386,Wen Jianping,China,53,1.4,Sewage Treatment
1386,Dan Wilks,United States,58,1.4,Natural Gas
1386,Farris Wilks,United States,63,1.4,Natural Gas
1386,Xu Jingren,China,70,1.4,Pharmaceuticals
1386,Zhu Yicai,China,50,1.4,"Meat Products, Retailing"
1415,Alberto Alcocer,Spain,72,1.3,Investments
1415,Patricia Angelini Rossi,Chile,60,1.3,"Forestry, Mining"
1415,Mori Arkin,Israel,62,1.3,Pharmaceuticals
1415,Mehmet Aydinlar,Turkey,58,1.3,Hospitals
1415,Eduardo Belmont Anderson,Peru,69,1.3,Cosmetics
1415,Aneel Bhusri,United States,49,1.3,Business Software
1415,Thor Bjorgolfsson,Iceland,47,1.3,Diversified
1415,Miriam Blocher,Switzerland,40,1.3,Chemicals
1415,Oleg Boyko,Russia,50,1.3,"Entertaiment, Retail, Real Estate"
1415,Nicola Bulgari,Italy,74,1.3,Luxury Goods
1415,Miloud Chaabi,Morocco,86,1.3,Diversified
1415,Binod Chaudhary,Nepal,59,1.3,Diversified
1415,Chen Jinsong,Hong Kong,51,1.3,Real Estate
1415,Jacques D'Amours,Canada,58,1.3,Retail
1415,Maria Ines de Lafuente Lacroze,Argentina,70,1.3,Cement Firm
1415,Andrea Della Valle,Italy,49,1.3,Shoes
1415,Sanford Diller,United States,87,1.3,Real Estate
1415,Ding Shijia,China,51,1.3,Sportswear
1415,Bergit Douglas,Germany,68,1.3,Consumer Goods
1415,John Edson,United States,82,1.3,Leisure Craft
1415,Stephen Feinberg,United States,54,1.3,Private Equity
1415,Sameer Gehlaut,India,41,1.3,Finance
1415,Harsh Goenka,India,57,1.3,Diversified
1415,Gu Wei,China,50,1.3,Consumer Electronics
1415,Mubariz Gurbanoglu,Turkey,46,1.3,Shipping
1415,Polys Haji-Ioannou,Cyprus,56,1.3,Easyjet
1415,Donald Hall,United States,86,1.3,Hallmark
1415,Achmad Hamami,Indonesia,84,1.3,Heavy Equipment
1415,Gerry Harvey,Australia,75,1.3,Retail
1415,Hu Kaijun,China,53,1.3,Pharmaceuticals
1415,Huang Wen Tsai,China,61,1.3,Real Estate
1415,"B. Wayne Hughes, Jr.",United States,54,1.3,Storage Facilities
1415,Billy Kan,Hong Kong,63,1.3,Energy
1415,Sidney Kimmel,United States,87,1.3,Retail
1415,Michael Klein,Brazil,64,1.3,Retail
1415,Jim Koch,United States,65,1.3,Beer
1415,Ihor Kolomoyskyy,Ukraine,52,1.3,"Banking, Investments"
1415,Koo Bon-Neung,South Korea,65,1.3,Electronics
1415,Andrei Kosogov,Russia,53,1.3,"Oil, Telecom, Banking"
1415,Michael Krasny,United States,61,1.3,Retail
1415,James Leininger,United States,69,1.3,Medical Products
1415,Liang Guangwei,China,51,1.3,"Batteries, Mini Motors"
1415,William Macaulay,United States,69,1.3,Energy Investments
1415,Yusaku Maezawa,Japan,39,1.3,Online Retail
1415,Coucke Marc,Belgium,50,1.3,Pharmaceuticals
1415,Dmitry Mazepin,Russia,46,1.3,Chemicals
1415,Miao Shouliang,China,60,1.3,"Real Estate, Diversified"
1415,Massimo Moratti,Italy,69,1.3,Oil
1415,Charles Munger,United States,91,1.3,Berkshire Hathaway
1415,Gabe Newell,United States,52,1.3,Videogames
1415,Ni Zhaoxing,China,59,1.3,Real Estate
1415,Alfred Oetker,Germany,48,1.3,Consumer Goods
1415,August Oetker,Germany,70,1.3,Consumer Goods
1415,Carl Ferdinand Oetker,Germany,42,1.3,Consumer Goods
1415,Christian Oetker,Germany,66,1.3,Consumer Goods
1415,Julia Oetker,Germany,36,1.3,Consumer Goods
1415,Richard Oetker,Germany,64,1.3,Consumer Goods
1415,Park Hyeon-Joo,South Korea,56,1.3,Asset Management
1415,Roger Penske,United States,78,1.3,Cars
1415,Jose Isaac Peres & wife,Brazil,74,1.3,Shopping Malls
1415,Markus Persson,Sweden,35,1.3,Minecraft
1415,Erika Pohl-Stroher,Germany,96,1.3,Hair Products
1415,Que Wenbin,China,51,1.3,Pharmaceuticals
1415,Jerry Reinsdorf,United States,79,1.3,Sports Teams
1415,Lily Safra,Monaco,77,1.3,Banking
1415,Thomas Sandell,Sweden,54,1.3,Hedge Funds
1415,Eddy Kusnadi Sariaatmadja,Thailand,61,1.3,"Media, Tech"
1415,Leonard Schleifer,United States,62,1.3,Pharmaceuticals
1415,Rosely Schweizer,Germany,74,1.3,Consumer Goods
1415,Shuai Fangwen,China,48,1.3,Pharmaceuticals
1415,Evgeny (Eugene) Shvidler,United States,50,1.3,"Oil & Gas, Investments"
1415,Jasminder Singh,United Kingdom,64,1.3,Hotels
1415,Peter Sperling,United States,55,1.3,Education
1415,Michael Steinhardt,United States,74,1.3,Finance
1415,Alain Taravella,France,67,1.3,Real Estate
1415,Surin Upatkoon,Thailand,65,1.3,Telecoms/Lotteries/Insurance
1415,Wang Laichun,China,47,1.3,Electronics Components
1415,Wang Laisheng,China,50,1.3,Electronics Components
1415,Gjert Wilhelmsen,Norway,89,1.3,Cruise Ships
1415,Wong Luen Hei,China,53,1.3,Home Building Materials
1415,Horst Wortmann,Germany,73,1.3,Footwear
1415,Albert Yeung,Hong Kong,71,1.3,"Real Estate, Retail"
1415,Zhou Guohui,China,50,1.3,Logistics
1415,Zhou Hongyi,China,44,1.3,Security Software
1415,Zhu Chongyun,China,n/a,1.3,Apparel Retailer
1500,Fawzi Al-Kharafi,Kuwait,n/a,1.3,Diversified
1500,Jassim Al-Kharafi,Kuwait,n/a,1.3,Diversfied
1500,Mohannad Al-Kharafi,Kuwait,n/a,1.3,Diversified
1500,Alexei Ananyev,Russia,50,1.3,"Banking, It, Real Estate"
1500,Dmitry Ananyev,Russia,46,1.3,"Banking, It, Real Estate"
1500,Henadiy Boholyubov,Ukraine,53,1.3,"Banking, Investments"
1500,Richard Chang,Taiwan,68,1.3,"Real Estate, Electronics"
1500,Chong Ngen Choo,Singapore,61,1.3,Hotels
1500,Turgay Ciner,Turkey,59,1.3,Diversified
1500,Leszek Czarnecki,Poland,53,1.3,Finance
1500,Mohammed Dewji,Tanzania,39,1.3,Diversified
1500,K. Dinesh,India,60,1.3,Software Services
1500,Gao Dekang,China,63,1.3,Apparel
1500,Daniel Hirschfeld,United States,73,1.3,Apparel Retailer
1500,Hong Xiaobo,China,43,1.3,E-Commerce
1500,Wee Meng Koh,Singapore,51,1.3,"Real Estate, Hotels"
1500,Lin Ming-Hsiung,Taiwan,65,1.3,Retail
1500,Gian Marco Moratti,Italy,78,1.3,Oil
1500,Vikas Oberoi,India,44,1.3,Real Estate
1500,Kazuo Okada,Japan,72,1.3,Casinos
1500,Horst Julius Pudwill,Germany,70,1.3,Manufacturing
1500,Deniz Sahenk,Turkey,69,1.3,"Bank, Media"
1500,Alexander Spanos,United States,91,1.3,Real Estate
1500,Danny Tan Chee Sing,Malaysia,59,1.3,Real Estate
1500,Nikolai Tsvetkov,Russia,54,1.3,Banking
1500,John Tyson,United States,61,1.3,Food Processing
1500,Rufino Vigil Gonzalez,Mexico,66,1.3,Steel
1500,Wan Lianbu,China,49,1.3,Fertilizers
1500,Wang Xicheng,China,66,1.3,Tires
1500,Gordon Wu,Hong Kong,80,1.3,Real Estate
1500,Xiao Fen,China,52,1.3,Consumer Electronics
1500,Yang Yuanqing,China,50,1.3,Computers
1500,Yi Zheng,China,44,1.3,Software
1533,Lia Maria Aguiar,Brazil,77,1.2,Banking Inheritance
1533,Len Ainsworth,Australia,91,1.2,Betting Machines
1533,Mohammed Al Barwani,Oman,63,1.2,Oil
1533,Maurice Alter,Australia,89,1.2,Real Estate
1533,Joao Alves de Queiroz Filho,Brazil,62,1.2,Consumer Goods
1533,An Kang,China,66,1.2,Pharmaceuticals
1533,Ayman Asfari,United Kingdom,56,1.2,Oil Services
1533,Alan Auerbach,United States,45,1.2,Biotechnology
1533,William F. Austin,United States,73,1.2,Hearing Aids
1533,Mehmet Rustu Basaran,Turkey,68,1.2,"Bank, Gas"
1533,Anne Beaufour,France,51,1.2,Pharmaceuticals
1533,Henri Beaufour,France,49,1.2,Pharmaceuticals
1533,Albert Berner,Germany,79,1.2,Fasteners
1533,O. Francis Biondi,United States,50,1.2,Hedge Fund
1533,Chang Pyung-Soon,South Korea,64,1.2,Educational Products & Services
1533,Chen Tianqiao,China,42,1.2,Online Games
1533,Tony Chen,Taiwan,46,1.2,Optical Components
1533,Richard Chilton Jr,United States,56,1.2,Hedge Funds
1533,Hasmukh Chudgar,India,81,1.2,Pharmaceuticals
1533,John Coates,United Kingdom,45,1.2,Online Gambling
1533,Luigi Cremonini,Italy,75,1.2,Meat Processing
1533,Mark Dixon,United Kingdom,56,1.2,Office Real Estate
1533,Gary Fegel,Switzerland,41,1.2,Commodities Trading
1533,Gleb Fetisov,Russia,48,1.2,"Telecom, Finance"
1533,Valentin Gapontsev,Russia,76,1.2,Lasers
1533,Serge Godin,Canada,65,1.2,Information Technology
1533,Vladimir Gruzdev,Russia,48,1.2,Investments
1533,Mehmet Nazif Gunal,Turkey,67,1.2,"Tourism, Construction"
1533,Vinod Gupta,India,69,1.2,Electrical Equipment
1533,Clelia Haji-Ioannou,Cyprus,47,1.2,Easyjet
1533,Ilkka Herlin,Finland,56,1.2,"Elevators, Escalators"
1533,Brian Higgins,United States,50,1.2,Hedge Fund
1533,J. Tomilson Hill,United States,66,1.2,Investments
1533,Drew Houston,United States,31,1.2,Dropbox
1533,Jiang Ning,China,41,1.2,Telecom
1533,Ronald Joyce,Canada,84,1.2,Restaurants
1533,Alexander Karp,United States,47,1.2,Software Firm
1533,Sergei Katsiev,Russia,57,1.2,"Retail, Wholesale"
1533,Lev Kvetnoi,Russia,49,1.2,"Cement, Airport"
1533,Lev Leviev,Israel,59,1.2,Diamonds
1533,Li Tan,China,50,1.2,Pharmaceuticals
1533,Liu Yiqian,China,51,1.2,Investments
1533,Jose Llado Fernandez-Urrutia,Spain,80,1.2,Construction
1533,Aloke Lohia,India,56,1.2,Petrochemicals
1533,Ma Hong,China,47,1.2,Apparel Retailer
1533,Rudolf Maag,Switzerland,69,1.2,Medical Devices
1533,Maggie Magerko,United States,49,1.2,Building Materials
1533,Anand Mahindra,India,59,1.2,Automobiles
1533,Jean-Charles Naouri,France,65,1.2,"Supermarkets, Sporting Goods"
1533,Pierre Papillaud,France,79,1.2,Water
1533,David Penaloza Alanis,Mexico,41,1.2,Toll Roads
1533,Qin Yinglin,China,49,1.2,Poultry
1533,Vito Rodriguez Rodriguez,Peru,76,1.2,Processed Milk
1533,Fernando Roig,Spain,67,1.2,Supermarkets
1533,Alexander Rovt,United States,62,1.2,"Fertilizer, Real Estate"
1533,Alan Rydge,Australia,62,1.2,Entertainment
1533,Jacques Saade,France,78,1.2,Shipping
1533,Seo Jung-Jin,South Korea,57,1.2,Biotechnology
1533,Ron Sim,Singapore,56,1.2,Retail
1533,Edwin Soeryadjaya,Indonesia,66,1.2,"Coal, Investments"
1533,Robert Stiller,United States,71,1.2,Coffee
1533,Sun Deliang,China,42,1.2,Software
1533,Vincent Tan,Malaysia,63,1.2,Diversified
1533,Tang Hsiang-chien,Hong Kong,92,1.2,Textiles/Electronics
1533,Mehmet Sinan Tara,Turkey,56,1.2,Construction
1533,Wang Jinshu,China,58,1.2,Chemicals
1533,Wang Wei,China,43,1.2,Computer Hardware
1533,Wang Zhenghua,China,70,1.2,Budget Airline
1533,Wong Man Li,Hong Kong,50,1.2,Furniture
1533,Jacky Xu,St. Kitts and Nevis,n/a,1.2,Apparel
1533,Luis Enrique Yarur Rey,Chile,64,1.2,Banking
1533,Zheng Yuewen,China,53,1.2,Investments
1605,Shishir Bajaj,India,67,1.2,Consumer Goods
1605,Charles Brandes,United States,72,1.2,Money Management
1605,Jean Burelle,France,76,1.2,Automotive Systems
1605,Laurent Burelle,France,65,1.2,Automotive Systems
1605,Cho Yang-Rai,South Korea,77,1.2,Tire Manufacturing
1605,Chung Mong-Joon,South Korea,63,1.2,Shipbuilding/Industrial Machines
1605,Chung Yong-Jin,South Korea,46,1.2,Retailing
1605,Jack Cowin,Australia,72,1.2,Fast Food
1605,Robert Ell,Australia,70,1.2,Property
1605,Abhay Firodia,India,70,1.2,Automobiles
1605,Niklas Herlin,Finland,51,1.2,"Elevators, Escalators"
1605,Huang Chulong,China,n/a,1.2,Real Estate
1605,Clifford Illig,United States,64,1.2,Health Care
1605,Mehmet Emin Karamehmet,Turkey,70,1.2,"Telecom, Diversified"
1605,Kim Taek-Jin,South Korea,47,1.2,Online Games
1605,Li Yongjun,China,48,1.2,Food
1605,Liu Dianbo,China,50,1.2,Pharmaceuticals
1605,Liu Shaoxi,China,51,1.2,Real Estate
1605,Itamar Locks,Brazil,60,1.2,Agribusiness
1605,Blairo Maggi,Brazil,58,1.2,Agribusiness
1605,Lucia Maggi,Brazil,83,1.2,Agribusiness
1605,Gilles Martin,France,51,1.2,Laboratory Services
1605,Ioan Niculae,Romania,60,1.2,Agriculture
1605,G.V. Prasad,India,54,1.2,Pharmaceuticals
1605,Satish Reddy,India,47,1.2,Pharmaceuticals
1605,Remo Ruffini,Italy,53,1.2,Winter Jackets
1605,Airat Shaimiev,Russia,52,1.2,"Refinery, Chemicals"
1605,S.D. Shibulal,India,60,1.2,Software Services
1605,V.G. Siddhartha,India,55,1.2,Retail
1605,Kerry Stokes,Australia,74,1.2,"Media, Mining"
1605,Yan Zhi,China,42,1.2,Real Estate
1605,Zhou Mingjie,China,57,1.2,Lighting Installations
1605,Zhu Jiman,China,50,1.2,Pharmaceuticals
1638,Roman Avdeev,Russia,47,1.1,"Banking, Development"
1638,Thomas Bailey,United States,78,1.1,Finance
1638,William Berkley,United States,68,1.1,Insurance
1638,Maurizio Billi,Brazil,n/a,1.1,Generic Drugs
1638,Alexei Bogachev,Russia,44,1.1,"Retail, Banking"
1638,Horst Brandstaetter,Germany,81,1.1,Toys
1638,Mike Cannon-Brookes,Australia,35,1.1,Business Software
1638,Chey Ki-Won,South Korea,50,1.1,Computer Services
1638,Chu Mang Yee,China,55,1.1,Real Estate
1638,Hubert d'Ornano,France,88,1.1,Cosmetics
1638,Jim Davis,United States,54,1.1,Staffing & Recruiting Firm
1638,Jeanine Dick,France,78,1.1,Animal Pharmaceuticals
1638,Beda Diethelm,Switzerland,74,1.1,Hearing Aids
1638,Husain Djojonegoro,Indonesia,65,1.1,Consumer Goods
1638,Shlomo Eliahu,Israel,79,1.1,Insurance
1638,Henry Engelhardt,United States,57,1.1,Insurance
1638,Fan Zhaoxia,China,47,1.1,Photovoltaic Equipment
1638,Scott Farquhar,Australia,35,1.1,Software
1638,Soichiro Fukutake,Japan,69,1.1,Education
1638,Barbara Carlson Gage,United States,72,1.1,"Hotels, Travel"
1638,Don Gao,China,50,1.1,Power Tools
1638,Konstantin Grigorishin,Russia,49,1.1,Power Engineering
1638,Jeffrey Gundlach,United States,56,1.1,Investments
1638,Suat Gunsel,Cyprus,62,1.1,"Real Estate, Education"
1638,Guo Wengui,China,n/a,1.1,Real Estate
1638,Yuri Gushchin,Russia,70,1.1,"Candy, Real Estate"
1638,Dorrance Hamilton,United States,86,1.1,Campbell Soup
1638,Ayman Hariri,Lebanon,36,1.1,"Construction, Investments"
1638,Fahd Hariri,Lebanon,34,1.1,"Construction, Investments"
1638,Ilona Herlin,Finland,50,1.1,"Elevators, Escalators"
1638,Niranjan Hiranandani,India,64,1.1,Real Estate
1638,Surendra Hiranandani,India,60,1.1,Real Estate
1638,Jon Huntsman,United States,77,1.1,Chemicals
1638,Mohammed Ibrahim,United Kingdom,68,1.1,Communications
1638,Hal Jackman,Canada,82,1.1,"Insurance, Investments"
1638,Raghuvinder Kataria,United Kingdom,65,1.1,Diversified
1638,Yuriy Kosiuk,Ukraine,46,1.1,Agriculture
1638,Lee Ho-Jin,South Korea,52,1.1,Petrochemicals / Finance / Media / Electronics
1638,Liang Zhaoxian,China,50,1.1,Appliances
1638,Liu Ming Hui,China,52,1.1,Natural Gas Distribution
1638,Lou Zhongfu,China,61,1.1,Real Estate
1638,Jeffrey Lurie,United States,63,1.1,Philadelphia Eagles
1638,Alexander Lutsenko,Russia,52,1.1,Agribusiness
1638,Edir Macedo,Brazil,70,1.1,Broadcasting
1638,Ziyad Manasir,Russia,49,1.1,Construction
1638,Kishore Mariwala,India,80,1.1,Consumer Goods
1638,Nikolai Maximov,Russia,57,1.1,Investments
1638,Jacques Merceron-Vicat,France,76,1.1,Cement
1638,Azad Moopen,India,61,1.1,Healthcare
1638,John Morgridge,United States,81,1.1,Computer Hardware
1638,Marilyn Carlson Nelson,United States,75,1.1,"Hotels, Travel"
1638,"Carolus Nolet, Sr.",Netherlands,74,1.1,Ketel One Vodka
1638,Ou Zonghong,China,45,1.1,Real Estate
1638,Marli Pissollo,Brazil,60,1.1,Agribusiness
1638,Andrei Rappoport,Russia,51,1.1,Investments
1638,Alberto Roemmers,Argentina,88,1.1,Pharmaceuticals
1638,Sudhir Ruparelia,Uganda,59,1.1,Real Estate
1638,David Sainsbury,United Kingdom,74,1.1,Retail
1638,Radik Shaimiev,Russia,50,1.1,"Refinery, Chemical"
1638,E. Joe Shoen,United States,66,1.1,U-Haul
1638,Sanjay Singal,India,55,1.1,Steel
1638,Bruno Steinhoff,Germany,77,1.1,Furniture
1638,Rustem Sulteev,Russia,61,1.1,"Refinery, Chemicals"
1638,Sun Qinghuan,China,41,1.1,Lighting
1638,Djoko Susanto,Indonesia,65,1.1,Retail
1638,Yoshikazu Tanaka,Japan,38,1.1,Online Social Network
1638,Roustam Tariko,Russia,52,1.1,Banking
1638,Tu Jianhua,China,51,1.1,"Motorcycles, Real Estate"
1638,Kenneth Tuchman,United States,55,1.1,Outsourcing
1638,Lang Walker,Australia,69,1.1,Property
1638,Wang Yongping,China,44,1.1,Telecom Services
1638,Yang Keng,China,54,1.1,Real Estate
1638,Zhong Sheng Jian,Singapore,57,1.1,Real Estate
1711,Lau Cho Kun,Malaysia,79,1.1,Palm Oil/Real Estate
1712,Bassam Alghanim,Kuwait,63,1.1,Diversified
1712,Kutayba Alghanim,Kuwait,69,1.1,Diversified
1712,Achal Bakeri,India,55,1.1,Air Coolers
1712,Amit Burman,India,45,1.1,Consumer Goods
1712,Cheng Xue,China,45,1.1,Soy Sauce Maker
1712,Chu Jinfu,China,57,1.1,Electrical Power Equipment
1712,Thian Poh Chua,Singapore,66,1.1,Real Estate
1712,Brunello Cucinelli,Italy,61,1.1,Cashmere Sweaters
1712,Dai Deming,China,n/a,1.1,Auto Distribution
1712,Gustavo Denegri,Italy,79,1.1,Medical Tests
1712,T.S. Kalyanaraman,India,67,1.1,Jewelry
1712,Mustafa Vehbi Koc,Turkey,54,1.1,Diversified
1712,Liu Zhenguo,China,50,1.1,Sewage Treatment
1712,Dariusz Milek,Poland,47,1.1,"Real Estate, Retail"
1712,Jorge Rodriguez Rodriguez,Peru,69,1.1,Processed Milk
1712,Sevket Sabanci,Turkey,78,1.1,Diversified
1712,K. Rai Sahi,Canada,68,1.1,Real Estate
1712,Yoshiyuki Sankai,Japan,56,1.1,Robotics
1712,Samih Sawiris,Egypt,58,1.1,"Real Estate, Hotels"
1712,Albert Shigaboutdinov,Russia,60,1.1,"Refinery, Chemicals"
1712,Pavel Tykac,Czech Republic,50,1.1,Coal Mine
1712,Alexander Vik,Norway,60,1.1,Investments
1712,Wang Qinghui,China,46,1.1,Telecom Services
1712,Wang Zhongjun,China,54,1.1,Film Production
1712,Wu Chung-Yi,Taiwan,56,1.1,Auto Parts
1712,Xia Shudong,China,42,1.1,It Service
1712,Yu Awu,China,73,1.1,Jewelry
1712,Yu Peidi,Hong Kong,55,1.1,Real Estate
1712,Zhou Yaoting,China,72,1.1,Conglomerate
1741,Antti Aarnio-Wihuri,Finland,n/a,1,Diversified
1741,Mohed Altrad,France,66,1,"Scaffolding, Cement Mixers"
1741,Rostam Azizi,Tanzania,50,1,"Telecom, Investments"
1741,Elena Baturina,Russia,51,1,Construction
1741,Sara Blakely,United States,44,1,Spanx
1741,Tory Burch,United States,48,1,Fashion
1741,Sidharth Burman,India,70,1,Consumer Goods
1741,Fred Chang,United States,58,1,Online Retailing
1741,Leon Charney,United States,73,1,Real Estate
1741,Cheung Yan,China,58,1,Paper
1741,Chin Jong Hwa,Taiwan,56,1,Auto Parts
1741,Robert Citrone,United States,50,1,Hedge Fund
1741,Cui Lijie,Hong Kong,n/a,1,Gambling
1741,Chris Dawson,United Kingdom,63,1,Home Goods Retail
1741,Aydin Dogan,Turkey,78,1,Media
1741,Charles Edelstenne,France,77,1,Dassault
1741,Maria de Lourdes Egydio Villela,Brazil,n/a,1,Banking
1741,Paul Fireman,United States,71,1,Reebok
1741,Ken Grossman,United States,n/a,1,Beer
1741,Frank Hasenfratz,Canada,80,1,Auto Parts
1741,Reed Hastings,United States,54,1,Netflix
1741,Huang Bingwen,Australia,61,1,Printing
1741,Daisy Igel,Brazil,87,1,"Gas, Petrochemicals"
1741,Ray Irani,United States,80,1,Oil
1741,"Summerfield Johnston, Jr.",United States,82,1,Coca-Cola
1741,Michael Jordan,United States,52,1,Sports Team
1741,Morris Kahn,Israel,85,1,Software
1741,Thomas Kaplan,United States,52,1,Investments
1741,Eugene Kaspersky,Russia,49,1,Software
1741,Ryan Kavanaugh,United States,40,1,Movies
1741,Solomon Lew,Australia,69,1,Retail
1741,Li Fuchao,China,57,1,Auto Parts
1741,Liu Ming Chung,Brazil,52,1,Paper Manufacturing
1741,Lo Siu Yu,Hong Kong,45,1,Conglomerate
1741,Mario Lopez Estrada,Guatemala,n/a,1,Telecom
1741,Low Tuck Kwong,Indonesia,66,1,Coal
1741,Lu Yonghua,China,51,1,Electronics
1741,Lv Dalong,China,52,1,Telecom Services
1741,Michael Lynch,United Kingdom,50,1,Software
1741,Martha MacMillan Bennett,United States,63,1,Cargill
1741,"Cargill MacMillan, III.",United States,55,1,Cargill
1741,John MacMillan,United States,65,1,Cargill
1741,William MacMillan,United States,60,1,Cargill
1741,John Martin,United States,63,1,Pharmaceuticals
1741,Kiran Mazumdar-Shaw,India,61,1,Biotechnology
1741,David McMurtry,United Kingdom,74,1,Manufacturing
1741,P.N.C. Menon,Oman,66,1,Real Estate
1741,Trond Mohn,Norway,71,1,Cargo Pumps
1741,Zelimkhan Mutsoev,Russia,55,1,"Fertilizers, Real Estate"
1741,Nerijus Numavicius,Lithuania,47,1,"Retail, Pharmacy"
1741,Hong Leong Oei,Singapore,66,1,Investments
1741,Jonathan Oringer,United States,40,1,Stock Photos
1741,Femi Otedola,Nigeria,52,1,Gas Stations
1741,J. Michael Pearson,Canada,55,1,Pharmaceuticals
1741,Robert Piccinini,United States,73,1,Supermarkets
1741,Andreas Pohl,Germany,50,1,Mutual Funds
1741,"Reinfried Pohl, Jr.",Germany,55,1,Mutual Funds
1741,Abdulsamad Rabiu,Nigeria,55,1,"Cement, Sugar, Flour"
1741,Andrea Reimann-Ciardelli,United States,58,1,Consumer Goods
1741,Ren Zhengfei,China,71,1,Telecom Equipment
1741,Hugo Ribeiro,Brazil,n/a,1,Agribusiness
1741,Steven Roth,United States,73,1,Real Estate
1741,Subhash Runwal,India,71,1,Real Estate
1741,Suzan Sabanci Dincer,Turkey,50,1,Diversified
1741,Serra Sabanci,Turkey,39,1,Diversified
1741,Nobutada Saji,Japan,69,1,Beverages
1741,Sheryl Sandberg,United States,45,1,Facebook
1741,Monika Schoeller,Germany,76,1,Publishing
1741,Bhadresh Shah,India,63,1,Engineering
1741,Neil Shen,Hong Kong,46,1,Venture Capital Investing
1741,Leonid Simanovsky,Russia,65,1,Investments
1741,Benny Subianto,Indonesia,72,1,"Coal, Investments"
1741,Harjo Sutanto,Indonesia,88,1,Consumer Goods
1741,Ion Tiriac,Romania,75,1,"Banking, Insurance"
1741,Murat Vargi,Turkey,67,1,Telecom
1741,Stefan von Holtzbrinck,Germany,51,1,Publishing
1741,Wang Haipeng,China,43,1,Paper & Related Products
1741,Wang Jianfeng,China,45,1,Auto Parts
1741,Wang Wenliang,China,60,1,Ship Maintenance
1741,Wang Yong,China,64,1,Food Sweeteners
1741,V. Prem Watsa,Canada,64,1,"Insurance, Investments"
1741,Sanford Weill,United States,81,1,Citigroup
1741,Thomas Wu,Taiwan,n/a,1,Finance
1741,Fatma Yazici,Turkey,41,1,Diversified
1741,You Xiaoping,China,57,1,"Chemicals, Spandex"
1741,Yuan Yafei,China,51,1,"Retailing, Investments"
